Date,Value,Volume
09.12.2022,4.1989,195.28K
08.12.2022,4.1893,254.47K
07.12.2022,4.1841,245.58K
06.12.2022,4.1586,226.04K
05.12.2022,4.1439,230.16K
02.12.2022,4.1721,196.73K
01.12.2022,4.1496,230.04K
30.11.2022,4.1082,242.07K
29.11.2022,4.1067,198.60K
28.11.2022,4.1162,168.22K
25.11.2022,4.1362,144.22K
24.11.2022,4.1368,199.83K
23.11.2022,4.1252,169.17K
22.11.2022,4.1179,185.80K
21.11.2022,4.1032,182.54K
18.11.2022,4.126,190.99K
17.11.2022,4.1111,188.68K
16.11.2022,4.0786,199.08K
15.11.2022,4.0429,222.32K
14.11.2022,4.0262,196.74K
11.11.2022,4.0349,229.72K
10.11.2022,4.0671,219.63K
09.11.2022,4.0268,219.99K
08.11.2022,4.0711,220.45K
07.11.2022,4.0687,214.34K
04.11.2022,4.0336,212.18K
03.11.2022,3.9922,203.53K
02.11.2022,4.0393,183.07K
01.11.2022,4.055,139.12K
31.10.2022,4.0387,202.00K
28.10.2022,4.0996,189.77K
27.10.2022,4.0697,249.63K
26.10.2022,4.0532,218.61K
25.10.2022,4.0301,202.07K
24.10.2022,4.0006,223.06K
21.10.2022,3.9878,188.18K
20.10.2022,3.9881,239.31K
19.10.2022,3.964,225.33K
18.10.2022,3.987,239.98K
17.10.2022,3.9935,164.79K
14.10.2022,3.9651,212.11K
13.10.2022,4.0161,194.67K
12.10.2022,3.9478,234.25K
11.10.2022,3.9198,200.69K
10.10.2022,3.933,188.44K
07.10.2022,3.9252,207.32K
06.10.2022,3.9336,231.33K
05.10.2022,3.993,188.67K
04.10.2022,4.0162,195.51K
03.10.2022,4.0027,241.05K
30.09.2022,3.9761,216.22K
29.09.2022,3.9532,245.27K
28.09.2022,3.8297,232.59K
27.09.2022,3.7605,191.06K
26.09.2022,3.7567,184.75K
23.09.2022,3.7981,207.70K
22.09.2022,3.9243,227.46K
21.09.2022,3.9038,201.01K
20.09.2022,3.9213,176.59K
19.09.2022,3.9273,167.56K
16.09.2022,3.9063,171.27K
15.09.2022,3.9434,179.54K
14.09.2022,3.945,216.12K
13.09.2022,3.9512,201.38K
12.09.2022,3.9293,159.74K
09.09.2022,3.9477,180.86K
08.09.2022,3.9514,210.76K
07.09.2022,3.9451,190.89K
06.09.2022,3.9321,246.32K
05.09.2022,3.9229,185.71K
02.09.2022,3.8852,141.34K
01.09.2022,3.9003,213.51K
31.08.2022,3.8682,218.71K
30.08.2022,3.8772,209.51K
29.08.2022,3.8817,169.74K
26.08.2022,3.8574,141.63K
25.08.2022,3.8626,196.42K
24.08.2022,3.8581,178.46K
23.08.2022,3.8583,189.40K
22.08.2022,3.8727,200.05K
19.08.2022,3.8658,191.82K
18.08.2022,3.8716,204.73K
17.08.2022,3.909,182.63K
16.08.2022,3.9348,208.03K
15.08.2022,3.942,162.81K
12.08.2022,3.9243,181.87K
11.08.2022,3.9621,198.82K
10.08.2022,3.9828,256.03K
09.08.2022,4.0014,210.37K
08.08.2022,3.9937,177.25K
05.08.2022,4.0432,178.13K
04.08.2022,4.049,192.79K
03.08.2022,4.0799,187.05K
02.08.2022,4.1015,219.78K
01.08.2022,4.1251,189.41K
29.07.2022,4.1325,180.96K
28.07.2022,4.1436,206.79K
27.07.2022,4.1481,190.63K
26.07.2022,4.1442,192.88K
25.07.2022,4.1405,186.75K
22.07.2022,4.1259,155.39K
21.07.2022,4.1268,177.23K
20.07.2022,4.1141,176.27K
19.07.2022,4.1187,163.62K
18.07.2022,4.1191,158.05K
15.07.2022,4.1014,176.26K
14.07.2022,4.1303,197.08K
13.07.2022,4.1079,201.53K
12.07.2022,4.1388,193.41K
11.07.2022,4.1408,180.19K
08.07.2022,4.158,185.58K
07.07.2022,4.1692,209.87K
06.07.2022,4.1636,222.03K
05.07.2022,4.1927,215.43K
04.07.2022,4.2366,156.57K
01.07.2022,4.2616,135.25K
30.06.2022,4.255,168.10K
29.06.2022,4.1908,207.29K
28.06.2022,4.1857,193.43K
27.06.2022,4.1893,179.73K
24.06.2022,4.179,155.51K
23.06.2022,4.2269,195.85K
22.06.2022,4.2151,173.01K
21.06.2022,4.235,169.64K
20.06.2022,4.2189,158.24K
17.06.2022,4.2243,200.78K
16.06.2022,4.2679,222.48K
15.06.2022,4.184,193.75K
14.06.2022,4.1551,184.92K
13.06.2022,4.1988,167.82K
10.06.2022,4.1783,154.44K
09.06.2022,4.197,159.52K
08.06.2022,4.1757,167.99K
07.06.2022,4.2034,166.90K
06.06.2022,4.1742,148.48K
03.06.2022,4.158,127.37K
02.06.2022,4.1813,158.26K
01.06.2022,4.1753,152.17K
31.05.2022,4.1858,167.88K
30.05.2022,4.2208,141.69K
27.05.2022,4.2231,140.37K
26.05.2022,4.2143,174.60K
25.05.2022,4.1961,194.95K
24.05.2022,4.1992,183.73K
23.05.2022,4.1994,164.70K
20.05.2022,4.1903,157.39K
19.05.2022,4.1877,183.97K
18.05.2022,4.1833,168.91K
17.05.2022,4.1795,180.59K
16.05.2022,4.1712,175.81K
13.05.2022,4.1698,165.75K
12.05.2022,4.1973,214.66K
11.05.2022,4.2142,187.55K
10.05.2022,4.2527,195.79K
09.05.2022,4.234,169.42K
06.05.2022,4.1926,181.30K
05.05.2022,4.2212,167.98K
04.05.2022,4.2244,148.88K
03.05.2022,4.1751,158.78K
02.05.2022,4.1939,143.32K
29.04.2022,4.2002,158.00K
28.04.2022,4.1344,153.90K
27.04.2022,4.1548,149.51K
26.04.2022,4.1485,171.24K
25.04.2022,4.1802,184.77K
22.04.2022,4.1974,145.68K
21.04.2022,4.2207,183.54K
20.04.2022,4.2037,172.94K
19.04.2022,4.2033,157.34K
18.04.2022,4.2057,128.03K
15.04.2022,4.2006,148.49K
14.04.2022,4.1994,167.92K
13.04.2022,4.199,159.63K
12.04.2022,4.1616,149.05K
11.04.2022,4.1816,139.97K
08.04.2022,4.1991,132.16K
07.04.2022,4.2164,142.79K
06.04.2022,4.2231,156.76K
05.04.2022,4.2049,137.10K
04.04.2022,4.2073,151.98K
01.04.2022,4.1987,203.96K
31.03.2022,4.1897,180.17K
30.03.2022,4.1697,164.35K
29.03.2022,4.1741,185.95K
28.03.2022,4.2137,176.80K
25.03.2022,4.2335,143.36K
24.03.2022,4.2378,145.05K
23.03.2022,4.2512,148.58K
22.03.2022,4.2608,165.90K
21.03.2022,4.2381,118.36K
18.03.2022,4.2685,124.48K
17.03.2022,4.2464,138.16K
16.03.2022,4.2708,178.30K
15.03.2022,4.2653,184.09K
14.03.2022,4.2639,154.56K
11.03.2022,4.238,164.80K
10.03.2022,4.2687,182.69K
09.03.2022,4.2903,187.41K
08.03.2022,4.3146,188.68K
07.03.2022,4.2996,193.19K
04.03.2022,4.3252,164.69K
03.03.2022,4.3316,172.88K
02.03.2022,4.3176,177.82K
01.03.2022,4.2926,169.14K
28.02.2022,4.3005,180.88K
25.02.2022,4.3223,152.00K
24.02.2022,4.3346,188.92K
23.02.2022,4.3773,157.19K
22.02.2022,4.3778,167.76K
21.02.2022,4.3705,131.60K
18.02.2022,4.3502,155.59K
17.02.2022,4.3672,187.72K
16.02.2022,4.3311,155.61K
15.02.2022,4.3484,160.93K
14.02.2022,4.4037,155.90K
11.02.2022,4.3987,159.44K
10.02.2022,4.3745,178.33K
09.02.2022,4.3389,161.27K
08.02.2022,4.3479,167.71K
07.02.2022,4.3207,156.37K
04.02.2022,4.3385,156.99K
03.02.2022,4.3343,157.95K
02.02.2022,4.3016,144.36K
01.02.2022,4.2754,134.29K
31.01.2022,4.2582,144.91K
28.01.2022,4.2855,149.69K
27.01.2022,4.2749,161.81K
26.01.2022,4.2795,155.61K
25.01.2022,4.2825,177.36K
24.01.2022,4.2594,177.81K
21.01.2022,4.2606,135.76K
20.01.2022,4.2624,148.20K
19.01.2022,4.2628,177.70K
18.01.2022,4.2556,194.14K
17.01.2022,4.2406,133.96K
14.01.2022,4.2464,141.07K
13.01.2022,4.2647,151.91K
12.01.2022,4.2587,131.33K
11.01.2022,4.234,118.15K
10.01.2022,4.2503,127.65K
07.01.2022,4.218,107.63K
06.01.2022,4.2025,153.27K
05.01.2022,4.2051,113.54K
04.01.2022,4.1726,120.71K
03.01.2022,4.1869,102.36K
31.12.2021,4.2003,92.01K
30.12.2021,4.1889,110.11K
29.12.2021,4.2057,117.90K
28.12.2021,4.1636,115.16K
27.12.2021,4.1827,118.00K
24.12.2021,4.216,135.93K
23.12.2021,4.2249,161.12K
22.12.2021,4.2202,135.19K
21.12.2021,4.1933,172.30K
20.12.2021,4.1838,150.49K
17.12.2021,4.1369,140.60K
16.12.2021,4.1277,151.38K
15.12.2021,4.1354,160.89K
14.12.2021,4.152,160.32K
13.12.2021,4.1119,145.96K
10.12.2021,4.1119,143.46K
09.12.2021,4.0975,184.42K
08.12.2021,4.0904,181.31K
07.12.2021,4.1416,198.69K
06.12.2021,4.1979,176.02K
03.12.2021,4.1815,141.63K
02.12.2021,4.206,157.79K
01.12.2021,4.1985,183.81K
30.11.2021,4.1867,224.80K
29.11.2021,4.203,163.78K
26.11.2021,4.2523,190.63K
25.11.2021,4.2086,190.87K
24.11.2021,4.1908,152.52K
23.11.2021,4.1873,189.19K
22.11.2021,4.1348,199.08K
19.11.2021,4.1631,147.13K
18.11.2021,4.1612,186.62K
17.11.2021,4.1458,171.75K
16.11.2021,4.152,160.23K
15.11.2021,4.1616,155.16K
12.11.2021,4.1661,124.85K
11.11.2021,4.1676,149.19K
10.11.2021,4.1755,166.38K
09.11.2021,4.2103,152.48K
08.11.2021,4.2181,133.65K
05.11.2021,4.195,128.05K
04.11.2021,4.1899,185.10K
03.11.2021,4.2631,152.40K
02.11.2021,4.2638,177.78K
01.11.2021,4.254,129.80K
29.10.2021,4.325,155.94K
28.10.2021,4.3594,196.29K
27.10.2021,4.3821,167.68K
26.10.2021,4.4024,157.55K
25.10.2021,4.4047,146.70K
22.10.2021,4.4079,152.87K
21.10.2021,4.423,145.94K
20.10.2021,4.4386,143.72K
19.10.2021,4.4311,116.90K
18.10.2021,4.4152,140.82K
15.10.2021,4.4282,123.29K
14.10.2021,4.4034,107.48K
13.10.2021,4.4016,147.98K
12.10.2021,4.3884,142.66K
11.10.2021,4.3863,121.51K
08.10.2021,4.3985,117.34K
07.10.2021,4.39,136.35K
06.10.2021,4.392,176.76K
05.10.2021,4.403,167.27K
04.10.2021,4.3851,134.29K
01.10.2021,4.3555,142.43K
30.09.2021,4.3427,168.16K
29.09.2021,4.3184,139.95K
28.09.2021,4.3435,159.31K
27.09.2021,4.382,116.06K
24.09.2021,4.3707,124.15K
23.09.2021,4.3849,146.30K
22.09.2021,4.3607,142.59K
21.09.2021,4.3765,106.94K
20.09.2021,4.3854,116.33K
17.09.2021,4.4057,110.65K
16.09.2021,4.4297,117.10K
15.09.2021,4.4319,109.52K
14.09.2021,4.4321,131.17K
13.09.2021,4.4396,123.43K
10.09.2021,4.4261,144.77K
09.09.2021,4.4325,159.35K
08.09.2021,4.41,131.33K
07.09.2021,4.4169,134.53K
06.09.2021,4.4284,128.76K
03.09.2021,4.4365,146.52K
02.09.2021,4.4289,115.26K
01.09.2021,4.4099,131.55K
31.08.2021,4.4057,130.46K
30.08.2021,4.4217,101.17K
27.08.2021,4.4292,131.85K
26.08.2021,4.4168,137.29K
25.08.2021,4.437,110.27K
24.08.2021,4.4142,120.66K
23.08.2021,4.4203,112.68K
20.08.2021,4.4098,142.64K
19.08.2021,4.4283,139.57K
18.08.2021,4.4453,137.80K
17.08.2021,4.4449,137.40K
16.08.2021,4.4652,108.71K
13.08.2021,4.4553,102.01K
12.08.2021,4.4463,120.78K
11.08.2021,4.4793,142.58K
10.08.2021,4.4642,158.36K
09.08.2021,4.4568,114.56K
06.08.2021,4.4724,131.72K
05.08.2021,4.4744,140.79K
04.08.2021,4.4591,145.73K
03.08.2021,4.4639,122.92K
02.08.2021,4.4734,115.74K
30.07.2021,4.4828,124.91K
29.07.2021,4.5183,135.55K
28.07.2021,4.52,138.05K
27.07.2021,4.5124,149.23K
26.07.2021,4.4959,114.16K
23.07.2021,4.4945,114.13K
22.07.2021,4.5033,135.59K
21.07.2021,4.488,137.25K
20.07.2021,4.4827,166.10K
19.07.2021,4.5093,162.09K
16.07.2021,4.5249,136.78K
15.07.2021,4.5254,159.06K
14.07.2021,4.5192,140.43K
13.07.2021,4.5356,137.11K
12.07.2021,4.5528,149.23K
09.07.2021,4.5555,153.72K
08.07.2021,4.5189,154.59K
07.07.2021,4.513,145.32K
06.07.2021,4.5174,149.03K
05.07.2021,4.5155,114.16K
02.07.2021,4.5159,140.21K
01.07.2021,4.4953,133.12K
30.06.2021,4.5035,152.77K
29.06.2021,4.5004,133.38K
28.06.2021,4.5218,101.89K
25.06.2021,4.5049,135.68K
24.06.2021,4.5118,139.48K
23.06.2021,4.5372,133.38K
22.06.2021,4.5431,137.65K
21.06.2021,4.5473,151.68K
18.06.2021,4.5251,173.84K
17.06.2021,4.5473,154.08K
16.06.2021,4.5535,121.78K
15.06.2021,4.5616,125.95K
14.06.2021,4.5755,126.29K
11.06.2021,4.5857,129.18K
10.06.2021,4.5935,135.96K
09.06.2021,4.5752,129.89K
08.06.2021,4.5902,133.13K
07.06.2021,4.6003,133.74K
04.06.2021,4.5992,119.88K
03.06.2021,4.5901,124.12K
02.06.2021,4.5991,159.90K
01.06.2021,4.5842,147.55K
31.05.2021,4.6135,143.85K
28.05.2021,4.6073,150.46K
27.05.2021,4.6029,188.70K
26.05.2021,4.5835,196.41K
25.05.2021,4.5848,198.16K
24.05.2021,4.5971,139.72K
21.05.2021,4.6032,153.41K
20.05.2021,4.617,146.35K
19.05.2021,4.608,172.15K
18.05.2021,4.6129,160.58K
17.05.2021,4.6323,85.94K
14.05.2021,4.6128,130.92K
13.05.2021,4.6164,149.14K
12.05.2021,4.6165,145.32K
11.05.2021,4.6508,181.59K
10.05.2021,4.6017,155.68K
07.05.2021,4.5392,129.26K
06.05.2021,4.521,163.63K
05.05.2021,4.5399,154.20K
04.05.2021,4.5273,164.56K
03.05.2021,4.5186,115.17K
30.04.2021,4.4825,157.74K
29.04.2021,4.5267,130.68K
28.04.2021,4.5268,136.51K
27.04.2021,4.5058,150.63K
26.04.2021,4.4967,149.56K
23.04.2021,4.5161,124.08K
22.04.2021,4.5067,143.45K
21.04.2021,4.5459,145.23K
20.04.2021,4.5268,167.88K
19.04.2021,4.5555,139.42K
16.04.2021,4.5328,156.99K
15.04.2021,4.5214,166.56K
14.04.2021,4.5185,153.14K
13.04.2021,4.5222,141.96K
12.04.2021,4.524,139.00K
09.04.2021,4.5067,135.20K
08.04.2021,4.5041,159.56K
07.04.2021,4.5182,176.21K
06.04.2021,4.5538,145.64K
05.04.2021,4.5988,112.63K
02.04.2021,4.6057,116.11K
01.04.2021,4.6054,175.76K
31.03.2021,4.5981,167.21K
30.03.2021,4.5798,152.03K
29.03.2021,4.5809,143.75K
26.03.2021,4.5901,155.93K
25.03.2021,4.5658,165.62K
24.03.2021,4.5315,163.68K
23.03.2021,4.5287,152.85K
22.03.2021,4.5709,133.18K
19.03.2021,4.5754,173.10K
18.03.2021,4.5755,173.76K
17.03.2021,4.5852,166.19K
16.03.2021,4.5705,151.27K
15.03.2021,4.5941,159.80K
12.03.2021,4.6259,187.29K
11.03.2021,4.6216,182.88K
10.03.2021,4.6232,193.18K
09.03.2021,4.619,207.87K
08.03.2021,4.6211,208.26K
05.03.2021,4.6068,191.11K
04.03.2021,4.6085,228.52K
03.03.2021,4.6154,225.92K
02.03.2021,4.5977,196.64K
01.03.2021,4.5954,218.96K
26.02.2021,4.6104,210.64K
25.02.2021,4.6166,244.42K
24.02.2021,4.613,181.14K
23.02.2021,4.6085,202.13K
22.02.2021,4.5887,159.70K
19.02.2021,4.5819,190.13K
18.02.2021,4.5698,217.09K
17.02.2021,4.5218,226.32K
16.02.2021,4.5037,210.88K
15.02.2021,4.5064,176.27K
12.02.2021,4.4985,198.50K
11.02.2021,4.4857,216.58K
10.02.2021,4.5039,251.45K
09.02.2021,4.4871,222.23K
08.02.2021,4.4746,197.49K
05.02.2021,4.5142,197.90K
04.02.2021,4.4973,188.71K
03.02.2021,4.4999,174.03K
02.02.2021,4.5069,195.03K
01.02.2021,4.4988,192.82K
29.01.2021,4.4893,240.80K
28.01.2021,4.5007,233.98K
27.01.2021,4.4703,216.74K
26.01.2021,4.482,161.71K
25.01.2021,4.4773,211.84K
22.01.2021,4.4758,220.33K
21.01.2021,4.4942,238.56K
20.01.2021,4.4578,215.76K
19.01.2021,4.4377,209.14K
18.01.2021,4.3909,185.07K
15.01.2021,4.4388,210.31K
14.01.2021,4.3559,216.47K
13.01.2021,4.2631,211.84K
12.01.2021,4.3049,214.82K
11.01.2021,4.2857,205.38K
08.01.2021,4.322,175.33K
07.01.2021,4.3137,200.35K
06.01.2021,4.3307,200.35K
05.01.2021,4.3614,200.90K
04.01.2021,4.3544,174.74K
01.01.2021,4.394,22.29K
31.12.2020,4.39,199.06K
30.12.2020,4.3769,208.52K
29.12.2020,4.342,182.08K
28.12.2020,4.3296,144.37K
25.12.2020,4.3592,13.22K
24.12.2020,4.3532,194.87K
23.12.2020,4.3365,236.85K
22.12.2020,4.3146,220.83K
21.12.2020,4.3714,204.84K
18.12.2020,4.3737,164.81K
17.12.2020,4.4004,178.31K
16.12.2020,4.3908,211.58K
15.12.2020,4.3763,157.45K
14.12.2020,4.3416,121.05K
11.12.2020,4.3033,175.45K
10.12.2020,4.3221,184.15K
09.12.2020,4.3579,178.32K
08.12.2020,4.3492,170.77K
07.12.2020,4.3532,180.58K
04.12.2020,4.39,196.98K
03.12.2020,4.3864,232.90K
02.12.2020,4.386,275.70K
01.12.2020,4.4088,303.16K
30.11.2020,4.4023,284.92K
27.11.2020,4.4155,300.39K
26.11.2020,4.4352,261.54K
25.11.2020,4.4407,295.66K
24.11.2020,4.455,274.09K
23.11.2020,4.4579,289.67K
20.11.2020,4.4358,287.67K
19.11.2020,4.4371,313.26K
18.11.2020,4.4423,286.11K
17.11.2020,4.4384,304.19K
16.11.2020,4.4377,285.70K
13.11.2020,4.4396,297.35K
12.11.2020,4.4189,310.40K
11.11.2020,4.4601,293.62K
10.11.2020,4.4833,314.93K
09.11.2020,4.4331,343.18K
06.11.2020,4.4366,330.35K
05.11.2020,4.4415,345.28K
04.11.2020,4.405,333.35K
03.11.2020,4.4525,286.04K
02.11.2020,4.4031,265.14K
30.10.2020,4.4058,339.66K
29.10.2020,4.414,335.20K
28.10.2020,4.4243,336.05K
27.10.2020,4.4106,292.92K
26.10.2020,4.416,281.99K
23.10.2020,4.399,282.49K
22.10.2020,4.4198,289.39K
21.10.2020,4.4357,276.93K
20.10.2020,4.374,278.14K
19.10.2020,4.3795,259.28K
16.10.2020,4.3594,225.88K
15.10.2020,4.3745,274.67K
14.10.2020,4.3921,264.94K
13.10.2020,4.3823,282.11K
12.10.2020,4.4258,254.21K
09.10.2020,4.4058,280.33K
08.10.2020,4.3825,262.71K
07.10.2020,4.3944,283.27K
06.10.2020,4.4047,277.60K
05.10.2020,4.4196,264.02K
02.10.2020,4.4389,299.40K
01.10.2020,4.414,305.97K
30.09.2020,4.4199,295.71K
29.09.2020,4.4287,276.24K
28.09.2020,4.4447,243.24K
25.09.2020,4.4339,290.85K
24.09.2020,4.4327,312.82K
23.09.2020,4.4049,289.43K
22.09.2020,4.3686,287.78K
21.09.2020,4.4247,265.22K
18.09.2020,4.412,306.51K
17.09.2020,4.4417,311.13K
16.09.2020,4.4321,270.00K
15.09.2020,4.4119,240.95K
14.09.2020,4.4108,229.70K
11.09.2020,4.4248,262.32K
10.09.2020,4.3804,254.32K
09.09.2020,4.4134,258.87K
08.09.2020,4.4019,265.03K
07.09.2020,4.4455,188.94K
04.09.2020,4.4731,255.18K
03.09.2020,4.4673,268.15K
02.09.2020,4.487,240.21K
01.09.2020,4.5013,256.12K
31.08.2020,4.4804,227.93K
28.08.2020,4.4817,287.87K
27.08.2020,4.4493,277.78K
26.08.2020,4.4891,243.37K
25.08.2020,4.4706,243.90K
24.08.2020,4.4432,237.64K
21.08.2020,4.4509,278.10K
20.08.2020,4.4921,276.85K
19.08.2020,4.4571,224.80K
18.08.2020,4.5007,158.27K
17.08.2020,4.458,225.80K
14.08.2020,4.4503,231.97K
13.08.2020,4.4451,263.06K
12.08.2020,4.4414,229.85K
11.08.2020,4.4518,235.07K
10.08.2020,4.4509,252.95K
07.08.2020,4.4492,259.06K
06.08.2020,4.4711,223.54K
05.08.2020,4.4589,211.67K
04.08.2020,4.4604,211.15K
03.08.2020,4.4525,229.31K
31.07.2020,4.4528,263.70K
30.07.2020,4.4567,258.79K
29.07.2020,4.4208,243.53K
28.07.2020,4.4094,239.05K
27.07.2020,4.3968,251.86K
24.07.2020,4.3624,255.34K
23.07.2020,4.3497,255.51K
22.07.2020,4.3569,247.24K
21.07.2020,4.3485,244.56K
20.07.2020,4.333,223.83K
17.07.2020,4.309,232.30K
16.07.2020,4.3245,244.34K
15.07.2020,4.3099,250.76K
14.07.2020,4.3138,248.26K
13.07.2020,4.3265,219.70K
10.07.2020,4.3631,224.10K
09.07.2020,4.3522,246.24K
08.07.2020,4.3498,225.96K
07.07.2020,4.3235,228.55K
06.07.2020,4.3169,229.83K
03.07.2020,4.2885,229.93K
02.07.2020,4.2897,249.55K
01.07.2020,4.3028,242.43K
30.06.2020,4.2932,253.64K
29.06.2020,4.2425,233.17K
26.06.2020,4.2308,253.23K
25.06.2020,4.2623,271.58K
24.06.2020,4.2711,271.95K
23.06.2020,4.2901,266.85K
22.06.2020,4.2845,258.68K
19.06.2020,4.262,253.46K
18.06.2020,4.2875,268.38K
17.06.2020,4.3318,276.45K
16.06.2020,4.3497,273.21K
15.06.2020,4.3818,255.03K
12.06.2020,4.356,289.98K
11.06.2020,4.3668,287.64K
10.06.2020,4.3789,275.71K
09.06.2020,4.3872,264.12K
08.06.2020,4.3879,246.10K
05.06.2020,4.3908,254.33K
04.06.2020,4.3506,251.70K
03.06.2020,4.368,262.76K
02.06.2020,4.3619,263.15K
01.06.2020,4.3636,217.93K
29.05.2020,4.329,248.57K
28.05.2020,4.3223,257.69K
27.05.2020,4.2851,262.62K
26.05.2020,4.3283,239.91K
25.05.2020,4.2951,189.42K
22.05.2020,4.2966,243.54K
21.05.2020,4.3025,219.61K
20.05.2020,4.297,242.15K
19.05.2020,4.3033,240.78K
18.05.2020,4.3016,217.49K
15.05.2020,4.279,239.92K
14.05.2020,4.329,254.57K
13.05.2020,4.3187,245.50K
12.05.2020,4.3072,246.78K
11.05.2020,4.3263,218.02K
08.05.2020,4.354,239.79K
07.05.2020,4.3349,243.71K
06.05.2020,4.3397,233.00K
05.05.2020,4.3707,212.45K
04.05.2020,4.3895,192.48K
01.05.2020,4.3829,229.41K
30.04.2020,4.3883,240.69K
29.04.2020,4.3597,215.96K
28.04.2020,4.3502,209.66K
27.04.2020,4.3493,206.10K
24.04.2020,4.3575,232.69K
23.04.2020,4.3652,229.95K
22.04.2020,4.3671,219.20K
21.04.2020,4.3735,226.81K
20.04.2020,4.4265,210.03K
17.04.2020,4.4809,184.51K
16.04.2020,4.4723,198.08K
15.04.2020,4.51,190.78K
14.04.2020,4.5238,182.65K
13.04.2020,4.469,143.56K
10.04.2020,4.4517,99.71K
09.04.2020,4.456,193.78K
08.04.2020,4.4419,195.95K
07.04.2020,4.4158,226.95K
06.04.2020,4.3834,189.63K
03.04.2020,4.452,216.40K
02.04.2020,4.4827,232.81K
01.04.2020,4.4585,209.51K
31.03.2020,4.4012,220.01K
30.03.2020,4.4313,187.71K
27.03.2020,4.4426,217.85K
26.03.2020,4.3831,220.92K
25.03.2020,4.297,198.29K
24.03.2020,4.2471,202.94K
23.03.2020,4.271,166.92K
20.03.2020,4.1967,190.63K
19.03.2020,4.1684,191.56K
18.03.2020,4.3187,177.14K
17.03.2020,4.5967,196.02K
16.03.2020,4.6221,192.01K
13.03.2020,4.4988,215.26K
12.03.2020,4.5919,218.41K
11.03.2020,4.5667,208.02K
10.03.2020,4.5558,193.78K
09.03.2020,4.6218,200.14K
06.03.2020,4.5453,199.09K
05.03.2020,4.5145,205.93K
04.03.2020,4.4392,176.91K
03.03.2020,4.4203,207.09K
02.03.2020,4.4335,192.44K
28.02.2020,4.4428,199.87K
27.02.2020,4.454,219.49K
26.02.2020,4.4306,203.45K
25.02.2020,4.467,202.34K
24.02.2020,4.4306,197.76K
21.02.2020,4.4292,185.62K
20.02.2020,4.4109,190.18K
19.02.2020,4.4239,186.66K
18.02.2020,4.4441,166.87K
17.02.2020,4.4474,152.14K
14.02.2020,4.4688,124.04K
13.02.2020,4.4643,135.72K
12.02.2020,4.4459,119.33K
11.02.2020,4.4226,120.67K
10.02.2020,4.4153,128.46K
07.02.2020,4.4183,122.20K
06.02.2020,4.4298,133.65K
05.02.2020,4.4715,121.31K
04.02.2020,4.4895,126.13K
03.02.2020,4.4704,120.59K
31.01.2020,4.5531,128.90K
30.01.2020,4.5148,127.50K
29.01.2020,4.4926,116.77K
28.01.2020,4.4972,123.89K
27.01.2020,4.5122,127.75K
24.01.2020,4.5162,126.84K
23.01.2020,4.5333,97.28K
22.01.2020,4.5462,125.08K
21.01.2020,4.5086,117.51K
20.01.2020,4.4949,113.99K
17.01.2020,4.4949,123.65K
16.01.2020,4.5166,132.86K
15.01.2020,4.5046,123.03K
14.01.2020,4.5098,123.50K
13.01.2020,4.4948,126.03K
10.01.2020,4.5257,126.65K
09.01.2020,4.5183,130.77K
08.01.2020,4.5314,135.18K
07.01.2020,4.5466,121.35K
06.01.2020,4.5749,107.66K
03.01.2020,4.5533,122.92K
02.01.2020,4.5282,105.07K
01.01.2020,4.5807,14.48K
31.12.2019,4.5803,125.57K
30.12.2019,4.5351,110.85K
27.12.2019,4.5191,101.88K
26.12.2019,4.5059,115.03K
25.12.2019,4.4974,41.67K
24.12.2019,4.4961,124.42K
23.12.2019,4.4907,110.17K
20.12.2019,4.5188,120.43K
19.12.2019,4.5244,120.91K
18.12.2019,4.5699,117.28K
17.12.2019,4.5767,111.50K
16.12.2019,4.6576,123.92K
13.12.2019,4.6392,156.87K
12.12.2019,4.5745,144.18K
11.12.2019,4.5761,121.40K
10.12.2019,4.5721,97.96K
09.12.2019,4.5544,105.56K
06.12.2019,4.5532,114.99K
05.12.2019,4.5558,117.47K
04.12.2019,4.5504,119.99K
03.12.2019,4.5242,114.27K
02.12.2019,4.492,113.87K
29.11.2019,4.4923,126.57K
28.11.2019,4.4873,136.14K
27.11.2019,4.4762,128.27K
26.11.2019,4.4529,133.55K
25.11.2019,4.4699,121.43K
22.11.2019,4.45,131.01K
21.11.2019,4.4728,133.74K
20.11.2019,4.483,120.61K
19.11.2019,4.4745,118.80K
18.11.2019,4.4794,115.93K
15.11.2019,4.4769,126.51K
14.11.2019,4.485,131.29K
13.11.2019,4.4844,109.89K
12.11.2019,4.4968,119.62K
11.11.2019,4.4992,112.01K
08.11.2019,4.4576,120.80K
07.11.2019,4.4756,143.40K
06.11.2019,4.4823,112.24K
05.11.2019,4.4952,132.58K
04.11.2019,4.5224,114.85K
01.11.2019,4.5627,126.73K
31.10.2019,4.5566,136.07K
30.10.2019,4.5499,121.04K
29.10.2019,4.5334,124.32K
28.10.2019,4.5409,112.37K
25.10.2019,4.5302,125.81K
24.10.2019,4.5443,145.35K
23.10.2019,4.5539,142.31K
22.10.2019,4.546,137.19K
21.10.2019,4.5871,118.38K
18.10.2019,4.5877,150.89K
17.10.2019,4.5624,164.80K
16.10.2019,4.528,147.41K
15.10.2019,4.4988,141.21K
14.10.2019,4.4234,117.19K
11.10.2019,4.4258,155.46K
10.10.2019,4.3615,143.12K
09.10.2019,4.2731,109.45K
08.10.2019,4.2827,113.73K
07.10.2019,4.3144,94.44K
04.10.2019,4.2914,131.96K
03.10.2019,4.3048,135.94K
02.10.2019,4.291,125.01K
01.10.2019,4.2831,115.32K
30.09.2019,4.2693,103.36K
27.09.2019,4.2761,142.76K
26.09.2019,4.2952,152.13K
25.09.2019,4.3288,138.43K
24.09.2019,4.3649,137.74K
23.09.2019,4.3657,113.06K
20.09.2019,4.392,147.27K
19.09.2019,4.4024,147.04K
18.09.2019,4.4073,145.04K
17.09.2019,4.4296,132.72K
16.09.2019,4.4044,140.14K
13.09.2019,4.4103,146.70K
12.09.2019,4.355,159.78K
11.09.2019,4.3618,140.12K
10.09.2019,4.3727,142.43K
09.09.2019,4.3499,133.02K
06.09.2019,4.3238,156.74K
05.09.2019,4.3391,172.75K
04.09.2019,4.3181,155.78K
03.09.2019,4.2773,158.34K
02.09.2019,4.2699,122.32K
30.08.2019,4.2899,148.45K
29.08.2019,4.3009,149.48K
28.08.2019,4.3039,147.34K
27.08.2019,4.3266,130.12K
26.08.2019,4.2977,132.71K
23.08.2019,4.3065,158.15K
22.08.2019,4.3056,149.25K
21.08.2019,4.271,143.36K
20.08.2019,4.2929,142.17K
19.08.2019,4.2727,125.89K
16.08.2019,4.3026,135.00K
15.08.2019,4.2768,138.40K
14.08.2019,4.243,146.26K
13.08.2019,4.199,143.02K
12.08.2019,4.1936,131.70K
09.08.2019,4.182,134.59K
08.08.2019,4.2195,137.71K
07.08.2019,4.2205,147.34K
06.08.2019,4.2396,144.25K
05.08.2019,4.233,146.81K
02.08.2019,4.2441,143.34K
01.08.2019,4.2586,160.56K
31.07.2019,4.2678,151.71K
30.07.2019,4.2404,153.06K
29.07.2019,4.3004,130.08K
26.07.2019,4.3597,131.22K
25.07.2019,4.3963,143.95K
24.07.2019,4.3966,133.34K
23.07.2019,4.3986,141.29K
22.07.2019,4.3981,120.40K
19.07.2019,4.4226,134.84K
18.07.2019,4.432,147.98K
17.07.2019,4.3997,135.07K
16.07.2019,4.3998,138.90K
15.07.2019,4.4401,128.25K
12.07.2019,4.4634,160.29K
11.07.2019,4.4444,162.06K
10.07.2019,4.4374,144.04K
09.07.2019,4.4445,132.86K
08.07.2019,4.4642,122.51K
05.07.2019,4.475,140.53K
04.07.2019,4.4781,128.72K
03.07.2019,4.4823,133.30K
02.07.2019,4.4974,142.05K
01.07.2019,4.5252,136.16K
28.06.2019,4.5273,146.70K
27.06.2019,4.5252,147.71K
26.06.2019,4.5569,142.43K
25.06.2019,4.5649,132.27K
24.06.2019,4.5832,125.38K
21.06.2019,4.604,155.04K
20.06.2019,4.5572,171.03K
19.06.2019,4.533,139.63K
18.06.2019,4.5248,136.25K
17.06.2019,4.5197,130.35K
14.06.2019,4.5362,163.62K
13.06.2019,4.5562,169.59K
12.06.2019,4.5544,167.28K
11.06.2019,4.5526,168.35K
10.06.2019,4.5386,138.14K
07.06.2019,4.5492,137.07K
06.06.2019,4.5638,171.04K
05.06.2019,4.5704,168.11K
04.06.2019,4.5924,174.34K
03.06.2019,4.5734,142.07K
31.05.2019,4.579,187.27K
30.05.2019,4.5761,162.31K
29.05.2019,4.5598,171.58K
28.05.2019,4.5672,162.52K
27.05.2019,4.5668,153.62K
24.05.2019,4.577,182.05K
23.05.2019,4.5643,174.96K
22.05.2019,4.5711,167.91K
21.05.2019,4.5969,167.75K
20.05.2019,4.5555,128.94K
17.05.2019,4.5418,150.73K
16.05.2019,4.5681,148.10K
15.05.2019,4.5901,161.33K
14.05.2019,4.6097,160.42K
13.05.2019,4.6306,142.05K
10.05.2019,4.626,166.17K
09.05.2019,4.6426,165.45K
08.05.2019,4.6428,166.07K
07.05.2019,4.6927,173.60K
06.05.2019,4.693,152.98K
03.05.2019,4.7173,151.60K
02.05.2019,4.6878,156.59K
01.05.2019,4.6851,145.40K
30.04.2019,4.6893,172.11K
29.04.2019,4.6694,140.64K
26.04.2019,4.6753,203.67K
25.04.2019,4.6777,197.25K
24.04.2019,4.6725,206.09K
23.04.2019,4.6593,183.38K
22.04.2019,4.6618,147.30K
19.04.2019,4.6677,180.87K
18.04.2019,4.6682,197.73K
17.04.2019,4.6571,183.99K
16.04.2019,4.6516,185.42K
15.04.2019,4.6612,159.20K
12.04.2019,4.6642,191.36K
11.04.2019,4.6714,197.28K
10.04.2019,4.6823,188.53K
09.04.2019,4.6717,177.00K
08.04.2019,4.6795,149.93K
05.04.2019,4.6658,204.21K
04.04.2019,4.688,211.17K
03.04.2019,4.7363,224.81K
02.04.2019,4.7542,218.69K
01.04.2019,4.7438,173.59K
29.03.2019,4.7334,218.02K
28.03.2019,4.728,224.27K
27.03.2019,4.7901,207.61K
26.03.2019,4.7807,193.29K
25.03.2019,4.7869,158.53K
22.03.2019,4.7786,202.21K
21.03.2019,4.7183,209.93K
20.03.2019,4.7412,209.40K
19.03.2019,4.7843,193.35K
18.03.2019,4.7759,153.20K
15.03.2019,4.7781,213.54K
14.03.2019,4.7798,240.33K
13.03.2019,4.8026,217.20K
12.03.2019,4.7225,233.28K
11.03.2019,4.7664,194.76K
08.03.2019,4.7251,198.50K
07.03.2019,4.7467,191.74K
06.03.2019,4.753,203.60K
05.03.2019,4.7629,201.68K
04.03.2019,4.7781,180.48K
01.03.2019,4.796,215.36K
28.02.2019,4.8061,221.94K
27.02.2019,4.8116,213.35K
26.02.2019,4.7961,200.47K
25.02.2019,4.7256,170.16K
22.02.2019,4.7137,168.85K
21.02.2019,4.7234,213.50K
20.02.2019,4.7107,198.85K
19.02.2019,4.7276,176.84K
18.02.2019,4.6757,155.20K
15.02.2019,4.6665,191.28K
14.02.2019,4.6601,187.23K
13.02.2019,4.689,183.45K
12.02.2019,4.6888,196.82K
11.02.2019,4.6877,151.52K
08.02.2019,4.7149,174.12K
07.02.2019,4.7093,196.00K
06.02.2019,4.6848,211.64K
05.02.2019,4.6729,189.27K
04.02.2019,4.71,155.63K
01.02.2019,4.7579,186.79K
31.01.2019,4.7615,203.14K
30.01.2019,4.7955,208.35K
29.01.2019,4.8092,209.37K
28.01.2019,4.8358,177.98K
25.01.2019,4.8342,202.07K
24.01.2019,4.8167,199.03K
23.01.2019,4.8031,198.39K
22.01.2019,4.7687,189.34K
21.01.2019,4.7645,179.86K
18.01.2019,4.7509,188.60K
17.01.2019,4.794,200.45K
16.01.2019,4.7494,
15.01.2019,4.733,
14.01.2019,4.7126,
11.01.2019,4.7199,
10.01.2019,4.6783,
09.01.2019,4.6911,
08.01.2019,4.7028,10.94K
07.01.2019,4.7393,10.65K
04.01.2019,4.7207,0.01K
03.01.2019,4.7079,12.59K
02.01.2019,4.7343,9.82K
01.01.2019,4.7614,6.79K
31.12.2018,4.7688,0.09K
28.12.2018,4.7826,
27.12.2018,4.7679,11.95K
26.12.2018,4.773,9.45K
25.12.2018,4.7968,9.75K
24.12.2018,4.7958,3.58K
21.12.2018,4.7593,
20.12.2018,4.7663,10.57K
19.12.2018,4.7434,
18.12.2018,4.7558,
17.12.2018,4.758,
14.12.2018,4.7436,
13.12.2018,4.7656,
12.12.2018,4.7356,
11.12.2018,4.6845,
10.12.2018,4.702,
07.12.2018,4.7516,
06.12.2018,4.7787,
05.12.2018,4.7453,
04.12.2018,4.7522,
03.12.2018,4.7398,
30.11.2018,4.7409,
29.11.2018,4.744,
28.11.2018,4.7691,
27.11.2018,4.7629,
26.11.2018,4.7679,
23.11.2018,4.7869,
22.11.2018,4.8153,
21.11.2018,4.7636,
20.11.2018,4.7725,
19.11.2018,4.7577,
16.11.2018,4.753,
15.11.2018,4.7393,
14.11.2018,4.7989,
13.11.2018,4.7857,
12.11.2018,4.7472,
09.11.2018,4.766,
08.11.2018,4.8118,
07.11.2018,4.8134,
06.11.2018,4.8296,
05.11.2018,4.8107,
02.11.2018,4.7885,
01.11.2018,4.8164,
31.10.2018,4.7481,
30.10.2018,4.7164,
29.10.2018,4.7463,
26.10.2018,4.7403,
25.10.2018,4.7367,
24.10.2018,4.748,
23.10.2018,4.7678,
22.10.2018,4.7466,
19.10.2018,4.7803,
18.10.2018,4.7671,
17.10.2018,4.7854,
16.10.2018,4.8007,
15.10.2018,4.7961,
12.10.2018,4.7679,
11.10.2018,4.8052,
10.10.2018,4.792,
09.10.2018,4.7805,
08.10.2018,4.7693,
05.10.2018,4.7572,
04.10.2018,4.735,
03.10.2018,4.7151,
02.10.2018,4.735,
01.10.2018,4.7439,
28.09.2018,4.7403,
27.09.2018,4.7178,
26.09.2018,4.7176,
25.09.2018,4.7265,
24.09.2018,4.6929,
21.09.2018,4.6699,
20.09.2018,4.7385,
19.09.2018,4.7137,
18.09.2018,4.7188,
17.09.2018,4.7134,
14.09.2018,4.6769,
13.09.2018,4.6741,
12.09.2018,4.6648,
11.09.2018,4.667,
10.09.2018,4.6662,
07.09.2018,4.6432,
06.09.2018,4.6352,
05.09.2018,4.6462,
04.09.2018,4.6497,
03.09.2018,4.6508,
31.08.2018,4.6754,
30.08.2018,4.702,
29.08.2018,4.7017,
28.08.2018,4.6706,
27.08.2018,4.6758,
24.08.2018,4.6514,
23.08.2018,4.6752,
22.08.2018,4.6873,
21.08.2018,4.6962,
20.08.2018,4.6767,
17.08.2018,4.668,
16.08.2018,4.6687,
15.08.2018,4.6764,
14.08.2018,4.6855,
13.08.2018,4.7147,
10.08.2018,4.7447,
09.08.2018,4.7327,
08.08.2018,4.7383,
07.08.2018,4.7609,
06.08.2018,4.7976,
03.08.2018,4.799,
02.08.2018,4.8036,
01.08.2018,4.8248,
31.07.2018,4.8181,
30.07.2018,4.8122,
27.07.2018,4.788,
26.07.2018,4.7842,
25.07.2018,4.7912,
24.07.2018,4.798,
23.07.2018,4.7778,
20.07.2018,4.7652,
19.07.2018,4.7436,
18.07.2018,4.7551,
17.07.2018,4.7633,
16.07.2018,4.8003,
13.07.2018,4.8149,
12.07.2018,4.8053,
11.07.2018,4.8186,
10.07.2018,4.8221,
09.07.2018,4.8138,
06.07.2018,4.8149,
05.07.2018,4.8137,
04.07.2018,4.8296,
03.07.2018,4.8159,
02.07.2018,4.8144,
29.06.2018,4.8299,
28.06.2018,4.7806,
27.06.2018,4.7839,
26.06.2018,4.8102,
25.06.2018,4.8045,
22.06.2018,4.783,
21.06.2018,4.8007,
20.06.2018,4.7706,
19.06.2018,4.7855,
18.06.2018,4.8224,
15.06.2018,4.8155,
14.06.2018,4.7962,
13.06.2018,4.8027,
12.06.2018,4.7968,
11.06.2018,4.7744,
08.06.2018,4.7846,
07.06.2018,4.7927,
06.06.2018,4.79,
05.06.2018,4.7774,
04.06.2018,4.7477,
01.06.2018,4.7492,
31.05.2018,4.7356,
30.05.2018,4.7445,
29.05.2018,4.7606,
28.05.2018,4.7584,
25.05.2018,4.7412,
24.05.2018,4.7699,
23.05.2018,4.7671,
22.05.2018,4.7841,
21.05.2018,4.7982,
18.05.2018,4.8402,
17.05.2018,4.8561,
16.05.2018,4.8376,
15.05.2018,4.8609,
14.05.2018,4.8702,
11.05.2018,4.8421,
10.05.2018,4.8186,
09.05.2018,4.8549,
08.05.2018,4.9018,
07.05.2018,4.8888,
04.05.2018,4.8902,
03.05.2018,4.9099,
02.05.2018,4.9211,
01.05.2018,4.9123,
30.04.2018,4.9528,
27.04.2018,4.9443,
26.04.2018,4.9932,
25.04.2018,4.9982,
24.04.2018,4.9831,
23.04.2018,4.9433,
20.04.2018,4.9432,
19.04.2018,4.9614,
18.04.2018,4.9901,
17.04.2018,5.0184,
16.04.2018,5.058,
13.04.2018,5.008,
12.04.2018,4.9962,
11.04.2018,4.9751,
10.04.2018,4.963,
09.04.2018,4.9734,
06.04.2018,4.984,
05.04.2018,4.9408,
04.04.2018,4.9795,
03.04.2018,4.9628,
02.04.2018,4.9535,
30.03.2018,4.8929,
29.03.2018,4.9139,
28.03.2018,4.9367,
27.03.2018,4.9401,
26.03.2018,4.9752,
23.03.2018,4.9253,
22.03.2018,4.9064,
21.03.2018,4.8996,
20.03.2018,4.8702,
19.03.2018,4.8692,
16.03.2018,4.8198,
15.03.2018,4.811,
14.03.2018,4.7976,
13.03.2018,4.7914,
12.03.2018,4.7881,
09.03.2018,4.7705,
08.03.2018,4.7763,
07.03.2018,4.8059,
06.03.2018,4.802,
05.03.2018,4.7999,
02.03.2018,4.7515,
01.03.2018,4.7774,
28.02.2018,4.7844,
27.02.2018,4.8453,
26.02.2018,4.8651,
23.02.2018,4.8686,
22.02.2018,4.877,
21.02.2018,4.8654,
20.02.2018,4.8967,
19.02.2018,4.9121,
16.02.2018,4.9816,
15.02.2018,4.9834,
14.02.2018,4.9313,
13.02.2018,4.9123,
12.02.2018,4.8721,
09.02.2018,4.8655,
08.02.2018,4.8941,
07.02.2018,4.8511,
06.02.2018,4.8571,
05.02.2018,4.8256,
02.02.2018,4.8721,
01.02.2018,4.8937,
31.01.2018,4.853,
30.01.2018,4.8352,
29.01.2018,4.7834,
26.01.2018,4.8039,
25.01.2018,4.801,
24.01.2018,4.8567,
23.01.2018,4.7751,
22.01.2018,4.7772,
19.01.2018,4.7325,
18.01.2018,4.7477,
17.01.2018,4.76,
16.01.2018,4.7325,
15.01.2018,4.6905,
12.01.2018,4.6609,
11.01.2018,4.6288,
10.01.2018,4.6287,
09.01.2018,4.6609,
08.01.2018,4.678,
05.01.2018,4.6582,
04.01.2018,4.6707,
03.01.2018,4.6654,
02.01.2018,4.6926,
01.01.2018,4.6859,
29.12.2017,4.703,
28.12.2017,4.6639,
27.12.2017,4.661,
26.12.2017,4.6671,
25.12.2017,4.6566,
22.12.2017,4.6544,
21.12.2017,4.6662,
20.12.2017,4.675,
19.12.2017,4.6872,
18.12.2017,4.691,
15.12.2017,4.684,
14.12.2017,4.7293,
13.12.2017,4.7277,
12.12.2017,4.7234,
11.12.2017,4.7089,
08.12.2017,4.7176,
07.12.2017,4.7396,
06.12.2017,4.7077,
05.12.2017,4.7109,
04.12.2017,4.7005,
01.12.2017,4.6959,
30.11.2017,4.7284,
29.11.2017,4.6986,
28.11.2017,4.6833,
27.11.2017,4.6611,
24.11.2017,4.6784,
23.11.2017,4.673,
22.11.2017,4.6772,
21.11.2017,4.6548,
20.11.2017,4.654,
17.11.2017,4.6424,
16.11.2017,4.6406,
15.11.2017,4.6485,
14.11.2017,4.6552,
13.11.2017,4.6471,
10.11.2017,4.6806,
09.11.2017,4.6345,
08.11.2017,4.6046,
07.11.2017,4.629,
06.11.2017,4.6186,
03.11.2017,4.5915,
02.11.2017,4.5815,
01.11.2017,4.652,
31.10.2017,4.6771,
30.10.2017,4.6552,
27.10.2017,4.6395,
26.10.2017,4.6428,
25.10.2017,4.6536,
24.10.2017,4.6044,
23.10.2017,4.6105,
20.10.2017,4.6051,
19.10.2017,4.5887,
18.10.2017,4.6267,
17.10.2017,4.632,
16.10.2017,4.6307,
13.10.2017,4.6531,
12.10.2017,4.6414,
11.10.2017,4.6132,
10.10.2017,4.6133,
09.10.2017,4.6142,
06.10.2017,4.5992,
05.10.2017,4.6234,
04.10.2017,4.6544,
03.10.2017,4.6739,
02.10.2017,4.697,
29.09.2017,4.7357,
28.09.2017,4.7454,
27.09.2017,4.7419,
26.09.2017,4.7461,
25.09.2017,4.7388,
22.09.2017,4.7135,
21.09.2017,4.7634,
20.09.2017,4.7452,
19.09.2017,4.7445,
18.09.2017,4.7579,
15.09.2017,4.7876,
14.09.2017,4.7161,
13.09.2017,4.68,
12.09.2017,4.7069,
11.09.2017,4.6368,
08.09.2017,4.6349,
07.09.2017,4.6134,
06.09.2017,4.6292,
05.09.2017,4.6541,
04.09.2017,4.6205,
01.09.2017,4.6272,
31.08.2017,4.6356,
30.08.2017,4.6433,
29.08.2017,4.6159,
28.08.2017,4.632,
25.08.2017,4.6194,
24.08.2017,4.6018,
23.08.2017,4.6177,
22.08.2017,4.6406,
21.08.2017,4.6662,
18.08.2017,4.6596,
17.08.2017,4.6639,
16.08.2017,4.6658,
15.08.2017,4.6547,
14.08.2017,4.646,
11.08.2017,4.6661,
10.08.2017,4.654,
09.08.2017,4.6779,
08.08.2017,4.6873,
07.08.2017,4.7122,
04.08.2017,4.7372,
03.08.2017,4.7297,
02.08.2017,4.7297,
01.08.2017,4.7032,
31.07.2017,4.7062,
28.07.2017,4.6764,
27.07.2017,4.6486,
26.07.2017,4.6699,
25.07.2017,4.656,
24.07.2017,4.646,
21.07.2017,4.6433,
20.07.2017,4.6123,
19.07.2017,4.6451,
18.07.2017,4.6541,
17.07.2017,4.6707,
14.07.2017,4.6563,
13.07.2017,4.5793,
12.07.2017,4.5603,
11.07.2017,4.5796,
10.07.2017,4.5697,
07.07.2017,4.5633,
06.07.2017,4.5764,
05.07.2017,4.5385,
04.07.2017,4.5419,
03.07.2017,4.5344,
30.06.2017,4.5443,
29.06.2017,4.5395,
28.06.2017,4.5291,
27.06.2017,4.5093,
26.06.2017,4.4807,
23.06.2017,4.5015,
22.06.2017,4.4983,
21.06.2017,4.4844,
20.06.2017,4.4733,
19.06.2017,4.4939,
16.06.2017,4.4961,
15.06.2017,4.501,
14.06.2017,4.4901,
13.06.2017,4.4997,
12.06.2017,4.4828,
09.06.2017,4.5008,
08.06.2017,4.5683,
07.06.2017,4.5866,
06.06.2017,4.5719,
05.06.2017,4.5717,
02.06.2017,4.5704,
01.06.2017,4.5782,
31.05.2017,4.562,
30.05.2017,4.5582,
29.05.2017,4.5754,
26.05.2017,4.5836,
25.05.2017,4.6178,
24.05.2017,4.6483,
23.05.2017,4.6563,
22.05.2017,4.6606,
19.05.2017,4.6674,
18.05.2017,4.6486,
17.05.2017,4.682,
16.05.2017,4.6487,
15.05.2017,4.6475,
12.05.2017,4.6407,
11.05.2017,4.651,
10.05.2017,4.6604,
09.05.2017,4.6651,
08.05.2017,4.6589,
05.05.2017,4.659,
04.05.2017,4.6603,
03.05.2017,4.657,
02.05.2017,4.6666,
01.05.2017,4.6565,
28.04.2017,4.692,
27.04.2017,4.686,
26.04.2017,4.673,
25.04.2017,4.6734,
24.04.2017,4.6697,
21.04.2017,4.7042,
20.04.2017,4.705,
19.04.2017,4.6925,
18.04.2017,4.7046,
17.04.2017,4.5966,
14.04.2017,4.577,
13.04.2017,4.5793,
12.04.2017,4.5663,
11.04.2017,4.5677,
10.04.2017,4.5429,
07.04.2017,4.5225,
06.04.2017,4.5461,
05.04.2017,4.5526,
04.04.2017,4.5429,
03.04.2017,4.538,
31.03.2017,4.5583,
30.03.2017,4.5282,
29.03.2017,4.4984,
28.03.2017,4.4998,
27.03.2017,4.5365,
24.03.2017,4.5324,
23.03.2017,4.5705,
22.03.2017,4.5517,
21.03.2017,4.5344,
20.03.2017,4.4806,
17.03.2017,4.504,
16.03.2017,4.4844,
15.03.2017,4.462,
14.03.2017,4.4557,
13.03.2017,4.4801,
10.03.2017,4.474,
09.03.2017,4.4822,
08.03.2017,4.4917,
07.03.2017,4.4862,
06.03.2017,4.4997,
03.03.2017,4.545,
02.03.2017,4.5327,
01.03.2017,4.5018,
28.02.2017,4.5127,
27.02.2017,4.5616,
24.02.2017,4.6015,
23.02.2017,4.6451,
22.02.2017,4.6025,
21.02.2017,4.616,
20.02.2017,4.628,
17.02.2017,4.6021,
16.02.2017,4.6425,
15.02.2017,4.6536,
14.02.2017,4.6727,
13.02.2017,4.6969,
10.02.2017,4.6912,
09.02.2017,4.6803,
08.02.2017,4.7005,
07.02.2017,4.6948,
06.02.2017,4.6634,
03.02.2017,4.6872,
02.02.2017,4.7124,
01.02.2017,4.778,
31.01.2017,4.741,
30.01.2017,4.7129,
27.01.2017,4.7408,
26.01.2017,4.7746,
25.01.2017,4.7805,
24.01.2017,4.7459,
23.01.2017,4.7522,
20.01.2017,4.7105,
19.01.2017,4.71,
18.01.2017,4.6849,
17.01.2017,4.7294,
16.01.2017,4.6155,
13.01.2017,4.6509,
12.01.2017,4.6543,
11.01.2017,4.6834,
10.01.2017,4.6838,
09.01.2017,4.6745,
06.01.2017,4.7241,
05.01.2017,4.7787,
04.01.2017,4.7519,
03.01.2017,4.7316,
02.01.2017,4.7286,
