ds,yhat
01/01/2023,£0.861593
02/01/2023,£0.862245
03/01/2023,£0.863345
04/01/2023,£0.860469
05/01/2023,£0.862485
06/01/2023,£0.862725
07/01/2023,£0.862239
08/01/2023,£0.860889
09/01/2023,£0.861317
10/01/2023,£0.862225
11/01/2023,£0.859194
12/01/2023,£0.861095
13/01/2023,£0.861263
14/01/2023,£0.860751
15/01/2023,£0.859421
16/01/2023,£0.859918
17/01/2023,£0.860944
18/01/2023,£0.858077
19/01/2023,£0.860185
20/01/2023,£0.860601
21/01/2023,£0.860375
22/01/2023,£0.859362
23/01/2023,£0.860201
24/01/2023,£0.861588
25/01/2023,£0.859093
26/01/2023,£0.861579
27/01/2023,£0.862369
28/01/2023,£0.862505
29/01/2023,£0.861836
30/01/2023,£0.862994
31/01/2023,£0.864667
01/02/2023,£0.862421
02/02/2023,£0.865111
03/02/2023,£0.866060
04/02/2023,£0.866305
05/02/2023,£0.865695
06/02/2023,£0.866860
07/02/2023,£0.868491
08/02/2023,£0.866155
09/02/2023,£0.868713
10/02/2023,£0.869490
11/02/2023,£0.869533
12/02/2023,£0.868694
13/02/2023,£0.869615
14/02/2023,£0.870992
15/02/2023,£0.868404
16/02/2023,£0.870719
17/02/2023,£0.871272
18/02/2023,£0.871116
19/02/2023,£0.870115
20/02/2023,£0.870915
21/02/2023,£0.872220
22/02/2023,£0.869613
23/02/2023,£0.871965
24/02/2023,£0.872615
25/02/2023,£0.872615
26/02/2023,£0.871827
27/02/2023,£0.872895
28/02/2023,£0.874519
01/03/2023,£0.872274
02/03/2023,£0.875026
03/03/2023,£0.876103
04/03/2023,£0.876548
05/03/2023,£0.876214
06/03/2023,£0.877731
07/03/2023,£0.879789
08/03/2023,£0.877952
09/03/2023,£0.881074
10/03/2023,£0.882472
11/03/2023,£0.883180
12/03/2023,£0.883040
13/03/2023,£0.884679
14/03/2023,£0.886778
15/03/2023,£0.884898
16/03/2023,£0.887890
17/03/2023,£0.889073
18/03/2023,£0.889481
19/03/2023,£0.888962
20/03/2023,£0.890147
21/03/2023,£0.891726
22/03/2023,£0.889269
23/03/2023,£0.891638
24/03/2023,£0.892163
25/03/2023,£0.891894
26/03/2023,£0.890690
27/03/2023,£0.891197
28/03/2023,£0.892119
29/03/2023,£0.889039
30/03/2023,£0.890834
31/03/2023,£0.890845
01/04/2023,£0.890133
02/04/2023,£0.888566
03/04/2023,£0.888798
04/04/2023,£0.889538
05/04/2023,£0.886375
06/04/2023,£0.888184
07/04/2023,£0.888308
08/04/2023,£0.887803
09/04/2023,£0.886534
10/04/2023,£0.887147
11/04/2023,£0.888343
12/04/2023,£0.885699
13/04/2023,£0.888080
14/04/2023,£0.888817
15/04/2023,£0.888951
16/04/2023,£0.888335
17/04/2023,£0.889599
18/04/2023,£0.891432
19/04/2023,£0.889398
20/04/2023,£0.892351
21/04/2023,£0.893608
22/04/2023,£0.894203
23/04/2023,£0.893980
24/04/2023,£0.895565
25/04/2023,£0.897640
26/04/2023,£0.895769
27/04/2023,£0.898803
28/04/2023,£0.900064
29/04/2023,£0.900588
30/04/2023,£0.900223
01/05/2023,£0.901604
02/05/2023,£0.903420
03/05/2023,£0.901244
04/05/2023,£0.903939
05/05/2023,£0.904835
06/05/2023,£0.904980
07/05/2023,£0.904233
08/05/2023,£0.905237
09/05/2023,£0.906695
10/05/2023,£0.904186
11/05/2023,£0.906581
12/05/2023,£0.907217
13/05/2023,£0.907147
14/05/2023,£0.906235
15/05/2023,£0.907125
16/05/2023,£0.908519
17/05/2023,£0.905997
18/05/2023,£0.908426
19/05/2023,£0.909141
20/05/2023,£0.909188
21/05/2023,£0.908425
22/05/2023,£0.909489
23/05/2023,£0.911076
24/05/2023,£0.908755
25/05/2023,£0.911388
26/05/2023,£0.912300
27/05/2023,£0.912531
28/05/2023,£0.911931
29/05/2023,£0.913132
30/05/2023,£0.914824
31/05/2023,£0.912574
01/06/2023,£0.915240
02/06/2023,£0.916145
03/06/2023,£0.916330
04/06/2023,£0.915647
05/06/2023,£0.916731
06/06/2023,£0.918274
07/06/2023,£0.915849
08/06/2023,£0.918319
09/06/2023,£0.919015
10/06/2023,£0.918984
11/06/2023,£0.918085
12/06/2023,£0.918959
13/06/2023,£0.920306
14/06/2023,£0.917705
15/06/2023,£0.920026
16/06/2023,£0.920604
17/06/2023,£0.920490
18/06/2023,£0.919545
19/06/2023,£0.920414
20/06/2023,£0.921795
21/06/2023,£0.919268
22/06/2023,£0.921698
23/06/2023,£0.922419
24/06/2023,£0.922476
25/06/2023,£0.921725
26/06/2023,£0.922805
27/06/2023,£0.924406
28/06/2023,£0.922101
29/06/2023,£0.924748
30/06/2023,£0.925672
01/07/2023,£0.925911
02/07/2023,£0.925316
03/07/2023,£0.926517
04/07/2023,£0.928202
05/07/2023,£0.925937
06/07/2023,£0.928579
07/07/2023,£0.929450
08/07/2023,£0.929591
09/07/2023,£0.928850
10/07/2023,£0.929863
11/07/2023,£0.931321
12/07/2023,£0.928795
13/07/2023,£0.931149
14/07/2023,£0.931713
15/07/2023,£0.931535
16/07/2023,£0.930472
17/07/2023,£0.931169
18/07/2023,£0.932327
19/07/2023,£0.929525
20/07/2023,£0.931635
21/07/2023,£0.931994
22/07/2023,£0.931658
23/07/2023,£0.930490
24/07/2023,£0.931138
25/07/2023,£0.932305
26/07/2023,£0.929573
27/07/2023,£0.931813
28/07/2023,£0.932361
29/07/2023,£0.932267
30/07/2023,£0.931390
31/07/2023,£0.932372
01/08/2023,£0.933908
02/08/2023,£0.931571
03/08/2023,£0.934223
04/08/2023,£0.935188
05/08/2023,£0.935508
06/08/2023,£0.935030
07/08/2023,£0.936386
08/08/2023,£0.938261
09/08/2023,£0.936219
10/08/2023,£0.939114
11/08/2023,£0.940265
12/08/2023,£0.940705
13/08/2023,£0.940281
14/08/2023,£0.941619
15/08/2023,£0.943407
16/08/2023,£0.941209
17/08/2023,£0.943882
18/08/2023,£0.944748
19/08/2023,£0.944850
20/08/2023,£0.944040
21/08/2023,£0.944954
22/08/2023,£0.946289
23/08/2023,£0.943620
24/08/2023,£0.945815
25/08/2023,£0.946208
26/08/2023,£0.945851
27/08/2023,£0.944609
28/08/2023,£0.945128
29/08/2023,£0.946113
30/08/2023,£0.943147
31/08/2023,£0.945107
01/09/2023,£0.945330
02/09/2023,£0.944874
03/09/2023,£0.943603
04/09/2023,£0.944166
05/09/2023,£0.945265
06/09/2023,£0.942481
07/09/2023,£0.944685
08/09/2023,£0.945209
09/09/2023,£0.945102
10/09/2023,£0.944221
11/09/2023,£0.945203
12/09/2023,£0.946742
13/09/2023,£0.944408
14/09/2023,£0.947060
15/09/2023,£0.948021
16/09/2023,£0.948328
17/09/2023,£0.947829
18/09/2023,£0.949152
19/09/2023,£0.950984
20/09/2023,£0.948887
21/09/2023,£0.951715
22/09/2023,£0.952788
23/09/2023,£0.953140
24/09/2023,£0.952619
25/09/2023,£0.953854
26/09/2023,£0.955532
27/09/2023,£0.953221
28/09/2023,£0.955779
29/09/2023,£0.956532
30/09/2023,£0.956523
01/10/2023,£0.955604
02/10/2023,£0.956416
03/10/2023,£0.957653
04/10/2023,£0.954893
05/10/2023,£0.957002
06/10/2023,£0.957315
07/10/2023,£0.956883
08/10/2023,£0.955566
09/10/2023,£0.956010
10/10/2023,£0.956918
11/10/2023,£0.953869
12/10/2023,£0.955736
13/10/2023,£0.955854
14/10/2023,£0.955276
15/10/2023,£0.953864
16/10/2023,£0.954262
17/10/2023,£0.955169
18/10/2023,£0.952165
19/10/2023,£0.954116
20/10/2023,£0.954354
21/10/2023,£0.953927
22/10/2023,£0.952692
23/10/2023,£0.953287
24/10/2023,£0.954406
25/10/2023,£0.951622
26/10/2023,£0.953798
27/10/2023,£0.954258
28/10/2023,£0.954048
29/10/2023,£0.953017
30/10/2023,£0.953803
31/10/2023,£0.955096
01/11/2023,£0.952466
02/11/2023,£0.954773
03/11/2023,£0.955343
04/11/2023,£0.955220
05/11/2023,£0.954255
06/11/2023,£0.955084
07/11/2023,£0.956400
08/11/2023,£0.953775
09/11/2023,£0.956071
10/11/2023,£0.956618
11/11/2023,£0.956460
12/11/2023,£0.955452
13/11/2023,£0.956233
14/11/2023,£0.957500
15/11/2023,£0.954825
16/11/2023,£0.957076
17/11/2023,£0.957581
18/11/2023,£0.957389
19/11/2023,£0.956357
20/11/2023,£0.957124
21/11/2023,£0.958388
22/11/2023,£0.955723
23/11/2023,£0.957996
24/11/2023,£0.958538
25/11/2023,£0.958395
26/11/2023,£0.957424
27/11/2023,£0.958265
28/11/2023,£0.959615
29/11/2023,£0.957047
30/11/2023,£0.959426
01/12/2023,£0.960083
02/12/2023,£0.960063
03/12/2023,£0.959221
04/12/2023,£0.960196
05/12/2023,£0.961683
06/12/2023,£0.959255
07/12/2023,£0.961775
08/12/2023,£0.962571
09/12/2023,£0.962688
10/12/2023,£0.961979
11/12/2023,£0.721800
12/12/2023,£0.721100
13/12/2023,£0.724200
14/12/2023,£0.720700
15/12/2023,£0.722200
16/12/2023,£0.722100
17/12/2023,£0.720700
18/12/2023,£0.717800
19/12/2023,£0.719800
20/12/2023,£0.718500
21/12/2023,£0.720200
22/12/2023,£0.719200
23/12/2023,£0.716100
24/12/2023,£0.719300
25/12/2023,£0.720400
26/12/2023,£0.723500
27/12/2023,£0.727500
28/12/2023,£0.726100
29/12/2023,£0.729200
30/12/2023,£0.733700
31/12/2023,£0.731200
01/01/2022,£0.726200
02/01/2022,£0.723000
03/01/2022,£0.721400
04/01/2022,£0.723800
05/01/2022,£0.720300
06/01/2022,£0.719300
07/01/2022,£0.725300
08/01/2022,£0.724400
09/01/2022,£0.724400
10/01/2022,£0.722100
11/01/2022,£0.722900
12/01/2022,£0.726200
13/01/2022,£0.723000
14/01/2022,£0.722600
15/01/2022,£0.720100
16/01/2022,£0.720500
17/01/2022,£0.718100
18/01/2022,£0.716000
19/01/2022,£0.716800
20/01/2022,£0.717500
21/01/2022,£0.724000
22/01/2022,£0.718200
23/01/2022,£0.714800
24/01/2022,£0.709900
25/01/2022,£0.708600
26/01/2022,£0.708800
27/01/2022,£0.705200
28/01/2022,£0.708100
29/01/2022,£0.706300
30/01/2022,£0.705100
31/01/2022,£0.706300
01/02/2022,£0.708800
02/02/2022,£0.705600
03/02/2022,£0.706600
04/02/2022,£0.703500
05/02/2022,£0.704700
06/02/2022,£0.703800
07/02/2022,£0.708100
08/02/2022,£0.706400
09/02/2022,£0.706300
10/02/2022,£0.706700
11/02/2022,£0.704600
12/02/2022,£0.708400
13/02/2022,£0.704700
14/02/2022,£0.707300
15/02/2022,£0.709200
16/02/2022,£0.711500
17/02/2022,£0.711400
18/02/2022,£0.707000
19/02/2022,£0.707800
20/02/2022,£0.715500
21/02/2022,£0.719900
22/02/2022,£0.719100
23/02/2022,£0.720000
24/02/2022,£0.718800
25/02/2022,£0.723700
26/02/2022,£0.717200
27/02/2022,£0.717600
28/02/2022,£0.718600
01/03/2022,£0.719300
02/03/2022,£0.720600
03/03/2022,£0.722500
04/03/2022,£0.717800
05/03/2022,£0.717400
06/03/2022,£0.714800
07/03/2022,£0.722900
08/03/2022,£0.725200
09/03/2022,£0.725600
10/03/2022,£0.727200
11/03/2022,£0.727600
12/03/2022,£0.729300
13/03/2022,£0.728000
14/03/2022,£0.727900
15/03/2022,£0.723200
16/03/2022,£0.719400
17/03/2022,£0.722800
18/03/2022,£0.722800
19/03/2022,£0.725400
20/03/2022,£0.727600
21/03/2022,£0.726400
22/03/2022,£0.725200
23/03/2022,£0.728000
24/03/2022,£0.730400
25/03/2022,£0.727100
26/03/2022,£0.721200
27/03/2022,£0.720800
28/03/2022,£0.718100
29/03/2022,£0.716000
30/03/2022,£0.719700
31/03/2022,£0.719600
01/04/2022,£0.718000
02/04/2022,£0.714600
03/04/2022,£0.717700
04/04/2022,£0.719600
05/04/2022,£0.723200
06/04/2022,£0.722300
07/04/2022,£0.719500
08/04/2022,£0.716500
09/04/2022,£0.716500
10/04/2022,£0.718000
11/04/2022,£0.717600
12/04/2022,£0.713400
13/04/2022,£0.707100
14/04/2022,£0.708500
15/04/2022,£0.710900
16/04/2022,£0.713400
17/04/2022,£0.715300
18/04/2022,£0.721900
19/04/2022,£0.719200
20/04/2022,£0.719100
21/04/2022,£0.722300
22/04/2022,£0.723700
23/04/2022,£0.722700
24/04/2022,£0.723700
25/04/2022,£0.727700
26/04/2022,£0.728000
27/04/2022,£0.731300
28/04/2022,£0.732700
29/04/2022,£0.731600
30/04/2022,£0.731800
01/05/2022,£0.729800
02/05/2022,£0.728700
03/05/2022,£0.730600
04/05/2022,£0.727700
05/05/2022,£0.731200
06/05/2022,£0.730600
07/05/2022,£0.728100
08/05/2022,£0.732200
09/05/2022,£0.733600
10/05/2022,£0.735900
11/05/2022,£0.735800
12/05/2022,£0.730400
13/05/2022,£0.733100
14/05/2022,£0.731600
15/05/2022,£0.739700
16/05/2022,£0.737100
17/05/2022,£0.737000
18/05/2022,£0.734700
19/05/2022,£0.733800
20/05/2022,£0.736700
21/05/2022,£0.731300
22/05/2022,£0.731100
23/05/2022,£0.733800
24/05/2022,£0.740600
25/05/2022,£0.743300
26/05/2022,£0.737900
27/05/2022,£0.737800
28/05/2022,£0.741000
29/05/2022,£0.748300
30/05/2022,£0.742300
31/05/2022,£0.739400
01/06/2022,£0.736100
02/06/2022,£0.740100
03/06/2022,£0.742700
04/06/2022,£0.750400
05/06/2022,£0.756000
06/06/2022,£0.752100
07/06/2022,£0.746300
08/06/2022,£0.748700
09/06/2022,£0.747300
10/06/2022,£0.743900
11/06/2022,£0.743700
12/06/2022,£0.748100
13/06/2022,£0.745300
14/06/2022,£0.750500
15/06/2022,£0.750900
16/06/2022,£0.748400
17/06/2022,£0.747000
18/06/2022,£0.748300
19/06/2022,£0.750500
20/06/2022,£0.752700
21/06/2022,£0.753900
22/06/2022,£0.753300
23/06/2022,£0.754800
24/06/2022,£0.757600
25/06/2022,£0.758200
26/06/2022,£0.762300
27/06/2022,£0.756100
28/06/2022,£0.753200
29/06/2022,£0.759600
30/06/2022,£0.759900
01/07/2022,£0.760600
02/07/2022,£0.769800
03/07/2022,£0.765600
04/07/2022,£0.773900
05/07/2022,£0.772500
06/07/2022,£0.773500
07/07/2022,£0.770100
08/07/2022,£0.766500
09/07/2022,£0.767800
10/07/2022,£0.766600
11/07/2022,£0.764200
12/07/2022,£0.760300
13/07/2022,£0.772400
14/07/2022,£0.772100
15/07/2022,£0.774100
16/07/2022,£0.774200
17/07/2022,£0.768300
18/07/2022,£0.773000
19/07/2022,£0.765400
20/07/2022,£0.766300
21/07/2022,£0.773000
22/07/2022,£0.773900
23/07/2022,£0.776300
24/07/2022,£0.770300
25/07/2022,£0.772700
26/07/2022,£0.775600
27/07/2022,£0.773800
28/07/2022,£0.777300
29/07/2022,£0.779000
30/07/2022,£0.784300
31/07/2022,£0.784100
01/08/2022,£0.785800
02/08/2022,£0.785200
03/08/2022,£0.780200
04/08/2022,£0.774100
05/08/2022,£0.770700
06/08/2022,£0.771100
07/08/2022,£0.775800
08/08/2022,£0.778300
09/08/2022,£0.781400
10/08/2022,£0.780800
11/08/2022,£0.769000
12/08/2022,£0.770200
13/08/2022,£0.759300
14/08/2022,£0.752800
15/08/2022,£0.752800
16/08/2022,£0.749000
17/08/2022,£0.747000
18/08/2022,£0.747700
19/08/2022,£0.748800
20/08/2022,£0.757300
21/08/2022,£0.756900
22/08/2022,£0.760200
23/08/2022,£0.765400
24/08/2022,£0.763800
25/08/2022,£0.756700
26/08/2022,£0.763200
27/08/2022,£0.755200
28/08/2022,£0.763100
29/08/2022,£0.764100
30/08/2022,£0.765400
31/08/2022,£0.767100
01/09/2022,£0.766300
02/09/2022,£0.764900
03/09/2022,£0.766000
04/09/2022,£0.760300
05/09/2022,£0.762400
06/09/2022,£0.765000
07/09/2022,£0.764700
08/09/2022,£0.764100
09/09/2022,£0.763500
10/09/2022,£0.769400
11/09/2022,£0.773200
12/09/2022,£0.776200
13/09/2022,£0.781600
14/09/2022,£0.784700
15/09/2022,£0.785200
16/09/2022,£0.785400
17/09/2022,£0.789600
18/09/2022,£0.795500
19/09/2022,£0.796700
20/09/2022,£0.794700
21/09/2022,£0.796500
22/09/2022,£0.796200
23/09/2022,£0.792100
24/09/2022,£0.793200
25/09/2022,£0.792800
26/09/2022,£0.797200
27/09/2022,£0.800400
28/09/2022,£0.800800
29/09/2022,£0.802000
30/09/2022,£0.801400
01/10/2022,£0.806300
02/10/2022,£0.812900
03/10/2022,£0.810600
04/10/2022,£0.805100
05/10/2022,£0.805000
06/10/2022,£0.798600
07/10/2022,£0.802200
08/10/2022,£0.809100
09/10/2022,£0.804700
10/10/2022,£0.796200
11/10/2022,£0.794900
12/10/2022,£0.793300
13/10/2022,£0.797300
14/10/2022,£0.793300
15/10/2022,£0.784400
16/10/2022,£0.785500
17/10/2022,£0.785900
18/10/2022,£0.789500
19/10/2022,£0.793800
20/10/2022,£0.795100
21/10/2022,£0.796700
22/10/2022,£0.800300
23/10/2022,£0.809800
24/10/2022,£0.811600
25/10/2022,£0.816100
26/10/2022,£0.810700
27/10/2022,£0.819900
28/10/2022,£0.821300
29/10/2022,£0.817900
30/10/2022,£0.816900
31/10/2022,£0.816000
01/11/2022,£0.819900
02/11/2022,£0.825900
03/11/2022,£0.817700
04/11/2022,£0.817500
05/11/2022,£0.815500
06/11/2022,£0.810300
07/11/2022,£0.805700
08/11/2022,£0.808700
09/11/2022,£0.810000
10/11/2022,£0.804100
11/11/2022,£0.803500
12/11/2022,£0.799600
13/11/2022,£0.793900
14/11/2022,£0.801900
15/11/2022,£0.804600
16/11/2022,£0.804400
17/11/2022,£0.808300
18/11/2022,£0.809100
19/11/2022,£0.810600
20/11/2022,£0.813300
21/11/2022,£0.803900
22/11/2022,£0.799800
23/11/2022,£0.802600
24/11/2022,£0.798800
25/11/2022,£0.792000
26/11/2022,£0.799000
27/11/2022,£0.802800
28/11/2022,£0.802600
29/11/2022,£0.807200
30/11/2022,£0.810800
01/12/2022,£0.817500
02/12/2022,£0.815400
03/12/2022,£0.806700
04/12/2022,£0.807800
05/12/2022,£0.805100
06/12/2022,£0.805200
07/12/2022,£0.802600
08/12/2022,£0.819300
09/12/2022,£0.841500
10/12/2022,£0.850300
11/12/2022,£0.865700
12/12/2022,£0.858800
13/12/2022,£0.870400
14/12/2022,£0.861000
15/12/2022,£0.829600
16/12/2022,£0.815000
17/12/2022,£0.814300
18/12/2022,£0.795200
19/12/2022,£0.779700
20/12/2022,£0.774600
21/12/2022,£0.761300
22/12/2022,£0.766200
23/12/2022,£0.771100
24/12/2022,£0.776800
25/12/2022,£0.780400
26/12/2022,£0.784000
27/12/2022,£0.779900
28/12/2022,£0.776000
29/12/2022,£0.774800
30/12/2022,£0.768800
31/12/2022,£0.773200
01/01/2021,£0.770800
02/01/2021,£0.776200
03/01/2021,£0.773800
04/01/2021,£0.769200
05/01/2021,£0.768600
06/01/2021,£0.766300
07/01/2021,£0.766400
08/01/2021,£0.771500
09/01/2021,£0.771900
10/01/2021,£0.774200
11/01/2021,£0.775600
12/01/2021,£0.773300
13/01/2021,£0.769000
14/01/2021,£0.767300
15/01/2021,£0.769400
16/01/2021,£0.757400
17/01/2021,£0.763500
18/01/2021,£0.767900
19/01/2021,£0.767500
20/01/2021,£0.765900
21/01/2021,£0.764600
22/01/2021,£0.761900
23/01/2021,£0.760800
24/01/2021,£0.766200
25/01/2021,£0.768500
26/01/2021,£0.768500
27/01/2021,£0.764400
28/01/2021,£0.766900
29/01/2021,£0.768000
30/01/2021,£0.769900
31/01/2021,£0.765500
01/02/2021,£0.765200
02/02/2021,£0.763200
03/02/2021,£0.761800
04/02/2021,£0.759300
05/02/2021,£0.764000
06/02/2021,£0.760600
07/02/2021,£0.754400
08/02/2021,£0.753500
09/02/2021,£0.762400
10/02/2021,£0.764600
11/02/2021,£0.769600
12/02/2021,£0.771500
13/02/2021,£0.772400
14/02/2021,£0.772900
15/02/2021,£0.768900
16/02/2021,£0.768600
17/02/2021,£0.764500
18/02/2021,£0.761500
19/02/2021,£0.750000
20/02/2021,£0.750300
21/02/2021,£0.759500
22/02/2021,£0.757700
23/02/2021,£0.760000
24/02/2021,£0.760600
25/02/2021,£0.761100
26/02/2021,£0.759900
27/02/2021,£0.763100
28/02/2021,£0.769500
01/03/2021,£0.772900
02/03/2021,£0.773100
03/03/2021,£0.774400
04/03/2021,£0.773800
05/03/2021,£0.777100
06/03/2021,£0.775100
07/03/2021,£0.779200
08/03/2021,£0.774200
09/03/2021,£0.773600
10/03/2021,£0.773400
11/03/2021,£0.771800
12/03/2021,£0.775000
13/03/2021,£0.776300
14/03/2021,£0.778000
15/03/2021,£0.778500
16/03/2021,£0.777800
17/03/2021,£0.782800
18/03/2021,£0.780300
19/03/2021,£0.777700
20/03/2021,£0.775900
21/03/2021,£0.776000
22/03/2021,£0.773000
23/03/2021,£0.772600
24/03/2021,£0.774900
25/03/2021,£0.777100
26/03/2021,£0.777200
27/03/2021,£0.779700
28/03/2021,£0.778000
29/03/2021,£0.774000
30/03/2021,£0.776700
31/03/2021,£0.771500
01/04/2021,£0.770800
02/04/2021,£0.775700
03/04/2021,£0.779200
04/04/2021,£0.781900
05/04/2021,£0.793000
06/04/2021,£0.790500
07/04/2021,£0.803500
08/04/2021,£0.819100
09/04/2021,£0.818300
10/04/2021,£0.813400
11/04/2021,£0.810700
12/04/2021,£0.811000
13/04/2021,£0.812800
14/04/2021,£0.812400
15/04/2021,£0.813400
16/04/2021,£0.813700
17/04/2021,£0.811400
18/04/2021,£0.809500
19/04/2021,£0.800500
20/04/2021,£0.804300
21/04/2021,£0.801200
22/04/2021,£0.798300
23/04/2021,£0.801500
24/04/2021,£0.799800
25/04/2021,£0.804400
26/04/2021,£0.799800
27/04/2021,£0.810600
28/04/2021,£0.811000
29/04/2021,£0.809700
30/04/2021,£0.809800
01/05/2021,£0.814100
02/05/2021,£0.810700
03/05/2021,£0.816000
04/05/2021,£0.827300
05/05/2021,£0.828500
06/05/2021,£0.822400
07/05/2021,£0.820200
08/05/2021,£0.818800
09/05/2021,£0.813600
10/05/2021,£0.818300
11/05/2021,£0.814300
12/05/2021,£0.816100
13/05/2021,£0.824500
14/05/2021,£0.821600
15/05/2021,£0.824500
16/05/2021,£0.822900
17/05/2021,£0.827300
18/05/2021,£0.829000
19/05/2021,£0.829100
20/05/2021,£0.828000
21/05/2021,£0.831000
22/05/2021,£0.824100
23/05/2021,£0.823500
24/05/2021,£0.821700
25/05/2021,£0.823500
26/05/2021,£0.822600
27/05/2021,£0.824100
28/05/2021,£0.822300
29/05/2021,£0.822800
30/05/2021,£0.818300
31/05/2021,£0.807400
01/06/2021,£0.802200
02/06/2021,£0.801000
03/06/2021,£0.803900
04/06/2021,£0.801300
05/06/2021,£0.799800
06/06/2021,£0.796600
07/06/2021,£0.804200
08/06/2021,£0.805700
09/06/2021,£0.798800
10/06/2021,£0.795100
11/06/2021,£0.798600
12/06/2021,£0.799900
13/06/2021,£0.802000
14/06/2021,£0.799000
15/06/2021,£0.798400
16/06/2021,£0.794800
17/06/2021,£0.795200
18/06/2021,£0.794000
19/06/2021,£0.791000
20/06/2021,£0.787600
21/06/2021,£0.788700
22/06/2021,£0.788000
23/06/2021,£0.787800
24/06/2021,£0.784700
25/06/2021,£0.784700
26/06/2021,£0.787200
27/06/2021,£0.791000
28/06/2021,£0.796200
29/06/2021,£0.797800
30/06/2021,£0.794000
01/07/2021,£0.788800
02/07/2021,£0.788000
03/07/2021,£0.785800
04/07/2021,£0.788100
05/07/2021,£0.785100
06/07/2021,£0.787200
07/07/2021,£0.788100
08/07/2021,£0.787400
09/07/2021,£0.789500
10/07/2021,£0.791300
11/07/2021,£0.793000
12/07/2021,£0.791900
13/07/2021,£0.790200
14/07/2021,£0.788600
15/07/2021,£0.786500
16/07/2021,£0.790000
17/07/2021,£0.789700
18/07/2021,£0.786900
19/07/2021,£0.785700
20/07/2021,£0.786000
21/07/2021,£0.781300
22/07/2021,£0.778000
23/07/2021,£0.774700
24/07/2021,£0.771600
25/07/2021,£0.769100
26/07/2021,£0.768500
27/07/2021,£0.768600
28/07/2021,£0.764700
29/07/2021,£0.763400
30/07/2021,£0.759000
31/07/2021,£0.767000
01/08/2021,£0.766300
02/08/2021,£0.767100
03/08/2021,£0.772900
04/08/2021,£0.773900
05/08/2021,£0.775100
06/08/2021,£0.774900
07/08/2021,£0.772800
08/08/2021,£0.770000
09/08/2021,£0.769200
10/08/2021,£0.769200
11/08/2021,£0.766400
12/08/2021,£0.766300
13/08/2021,£0.763200
14/08/2021,£0.764200
15/08/2021,£0.765800
16/08/2021,£0.763700
17/08/2021,£0.765400
18/08/2021,£0.765300
19/08/2021,£0.766900
20/08/2021,£0.764600
21/08/2021,£0.759600
22/08/2021,£0.761400
23/08/2021,£0.763200
24/08/2021,£0.767200
25/08/2021,£0.766300
26/08/2021,£0.758000
27/08/2021,£0.756900
28/08/2021,£0.757200
29/08/2021,£0.756800
30/08/2021,£0.762700
31/08/2021,£0.757700
01/09/2021,£0.753500
02/09/2021,£0.754100
03/09/2021,£0.752000
04/09/2021,£0.755100
05/09/2021,£0.749600
06/09/2021,£0.764800
07/09/2021,£0.760200
08/09/2021,£0.768000
09/09/2021,£0.764200
10/09/2021,£0.759200
11/09/2021,£0.758700
12/09/2021,£0.758100
13/09/2021,£0.757200
14/09/2021,£0.754000
15/09/2021,£0.751300
16/09/2021,£0.754700
17/09/2021,£0.763500
18/09/2021,£0.766100
19/09/2021,£0.766100
20/09/2021,£0.766200
21/09/2021,£0.765400
22/09/2021,£0.773800
23/09/2021,£0.775800
24/09/2021,£0.780500
25/09/2021,£0.778400
26/09/2021,£0.775700
27/09/2021,£0.778200
28/09/2021,£0.772300
29/09/2021,£0.772000
30/09/2021,£0.773200
01/10/2021,£0.772500
02/10/2021,£0.767100
03/10/2021,£0.764500
04/10/2021,£0.762900
05/10/2021,£0.762400
06/10/2021,£0.765200
07/10/2021,£0.759800
08/10/2021,£0.757600
09/10/2021,£0.765300
10/10/2021,£0.765100
11/10/2021,£0.771800
12/10/2021,£0.775600
13/10/2021,£0.776700
14/10/2021,£0.770100
15/10/2021,£0.776200
16/10/2021,£0.777600
17/10/2021,£0.777300
18/10/2021,£0.778200
19/10/2021,£0.784400
20/10/2021,£0.781900
21/10/2021,£0.786200
22/10/2021,£0.782400
23/10/2021,£0.786100
24/10/2021,£0.791700
25/10/2021,£0.793100
26/10/2021,£0.784200
27/10/2021,£0.783700
28/10/2021,£0.787000
29/10/2021,£0.790900
30/10/2021,£0.791500
31/10/2021,£0.788300
01/11/2021,£0.785900
02/11/2021,£0.791700
03/11/2021,£0.790100
04/11/2021,£0.793000
05/11/2021,£0.790900
06/11/2021,£0.792000
07/11/2021,£0.794600
08/11/2021,£0.790100
09/11/2021,£0.791900
10/11/2021,£0.800700
11/11/2021,£0.796000
12/11/2021,£0.785600
13/11/2021,£0.782200
14/11/2021,£0.785300
15/11/2021,£0.786200
16/11/2021,£0.785900
17/11/2021,£0.783900
18/11/2021,£0.781500
19/11/2021,£0.779700
20/11/2021,£0.784300
21/11/2021,£0.779200
22/11/2021,£0.780400
23/11/2021,£0.776500
24/11/2021,£0.782600
25/11/2021,£0.782000
26/11/2021,£0.778200
27/11/2021,£0.778900
28/11/2021,£0.782200
29/11/2021,£0.769400
30/11/2021,£0.770900
01/12/2021,£0.778300
02/12/2021,£0.770600
03/12/2021,£0.765600
04/12/2021,£0.761800
05/12/2021,£0.763400
06/12/2021,£0.766900
07/12/2021,£0.770900
08/12/2021,£0.768400
09/12/2021,£0.783300
10/12/2021,£0.787000
11/12/2021,£0.781600
12/12/2021,£0.779200
13/12/2021,£0.780200
14/12/2021,£0.776300
15/12/2021,£0.770200
16/12/2021,£0.771400
17/12/2021,£0.765000
18/12/2021,£0.768100
19/12/2021,£0.762500
20/12/2021,£0.758300
21/12/2021,£0.760300
22/12/2021,£0.760100
23/12/2021,£0.755600
24/12/2021,£0.757800
25/12/2021,£0.760800
26/12/2021,£0.764000
27/12/2021,£0.762000
28/12/2021,£0.768000
29/12/2021,£0.772800
30/12/2021,£0.770500
31/12/2021,£0.766700
01/01/2020,£0.767400
02/01/2020,£0.764500
03/01/2020,£0.759500
04/01/2020,£0.758500
05/01/2020,£0.762200
06/01/2020,£0.764700
07/01/2020,£0.753800
08/01/2020,£0.760800
09/01/2020,£0.760500
10/01/2020,£0.760000
11/01/2020,£0.765300
12/01/2020,£0.763000
13/01/2020,£0.766400
14/01/2020,£0.767100
15/01/2020,£0.767700
16/01/2020,£0.773900
17/01/2020,£0.773200
18/01/2020,£0.774900
19/01/2020,£0.777900
20/01/2020,£0.776900
21/01/2020,£0.771300
22/01/2020,£0.768500
23/01/2020,£0.767700
24/01/2020,£0.776500
25/01/2020,£0.775600
26/01/2020,£0.778000
27/01/2020,£0.780200
28/01/2020,£0.774500
29/01/2020,£0.775100
30/01/2020,£0.781400
31/01/2020,£0.784200
01/02/2020,£0.786200
02/02/2020,£0.787500
03/02/2020,£0.785900
04/02/2020,£0.783200
05/02/2020,£0.783200
06/02/2020,£0.779800
07/02/2020,£0.776300
08/02/2020,£0.772900
09/02/2020,£0.772500
10/02/2020,£0.768800
11/02/2020,£0.768100
12/02/2020,£0.761900
13/02/2020,£0.761900
14/02/2020,£0.761500
15/02/2020,£0.762700
16/02/2020,£0.762900
17/02/2020,£0.758200
18/02/2020,£0.760800
19/02/2020,£0.763200
20/02/2020,£0.761400
21/02/2020,£0.768400
22/02/2020,£0.765000
23/02/2020,£0.762500
24/02/2020,£0.755600
25/02/2020,£0.755600
26/02/2020,£0.757200
27/02/2020,£0.757200
28/02/2020,£0.753200
29/02/2020,£0.754200
01/03/2020,£0.752700
02/03/2020,£0.756000
03/03/2020,£0.755800
04/03/2020,£0.758000
05/03/2020,£0.760900
06/03/2020,£0.757100
07/03/2020,£0.764700
08/03/2020,£0.762700
09/03/2020,£0.756000
10/03/2020,£0.753200
11/03/2020,£0.753600
12/03/2020,£0.754600
13/03/2020,£0.759100
14/03/2020,£0.758700
15/03/2020,£0.755000
16/03/2020,£0.752700
17/03/2020,£0.754000
18/03/2020,£0.747600
19/03/2020,£0.747800
20/03/2020,£0.747700
21/03/2020,£0.745600
22/03/2020,£0.745000
23/03/2020,£0.745600
24/03/2020,£0.746400
25/03/2020,£0.751200
26/03/2020,£0.749100
27/03/2020,£0.751900
28/03/2020,£0.752300
29/03/2020,£0.754600
30/03/2020,£0.751100
31/03/2020,£0.751400
01/04/2020,£0.747300
02/04/2020,£0.749300
03/04/2020,£0.744300
04/04/2020,£0.744600
05/04/2020,£0.742200
06/04/2020,£0.739900
07/04/2020,£0.741400
08/04/2020,£0.740300
09/04/2020,£0.737700
10/04/2020,£0.738300
11/04/2020,£0.739700
12/04/2020,£0.738200
13/04/2020,£0.738100
14/04/2020,£0.737600
15/04/2020,£0.738900
16/04/2020,£0.736600
17/04/2020,£0.736300
18/04/2020,£0.734600
19/04/2020,£0.726100
20/04/2020,£0.725700
21/04/2020,£0.718300
22/04/2020,£0.717800
23/04/2020,£0.715500
24/04/2020,£0.717300
25/04/2020,£0.714000
26/04/2020,£0.709700
27/04/2020,£0.704100
28/04/2020,£0.699900
29/04/2020,£0.697500
30/04/2020,£0.702200
01/05/2020,£0.702800
02/05/2020,£0.705400
03/05/2020,£0.705500
04/05/2020,£0.707700
05/05/2020,£0.709600
06/05/2020,£0.714100
07/05/2020,£0.710100
08/05/2020,£0.711300
09/05/2020,£0.711900
10/05/2020,£0.713400
11/05/2020,£0.713500
12/05/2020,£0.710400
13/05/2020,£0.706400
14/05/2020,£0.702800
15/05/2020,£0.707600
16/05/2020,£0.709400
17/05/2020,£0.707200
18/05/2020,£0.714400
19/05/2020,£0.713000
20/05/2020,£0.717400
21/05/2020,£0.717500
22/05/2020,£0.716300
23/05/2020,£0.716300
24/05/2020,£0.719100
25/05/2020,£0.722100
26/05/2020,£0.724000
27/05/2020,£0.719400
28/05/2020,£0.720000
29/05/2020,£0.722000
30/05/2020,£0.724400
31/05/2020,£0.725900
01/06/2020,£0.726700
02/06/2020,£0.719000
03/06/2020,£0.715900
04/06/2020,£0.715900
05/06/2020,£0.716300
06/06/2020,£0.718500
07/06/2020,£0.714500
08/06/2020,£0.714000
09/06/2020,£0.712100
10/06/2020,£0.709300
11/06/2020,£0.714400
12/06/2020,£0.719800
13/06/2020,£0.722700
14/06/2020,£0.722700
15/06/2020,£0.718800
16/06/2020,£0.720400
17/06/2020,£0.716900
18/06/2020,£0.716400
19/06/2020,£0.708100
20/06/2020,£0.701000
21/06/2020,£0.704600
22/06/2020,£0.706900
23/06/2020,£0.710500
24/06/2020,£0.705700
25/06/2020,£0.707100
26/06/2020,£0.702100
27/06/2020,£0.714200
28/06/2020,£0.714800
29/06/2020,£0.721900
30/06/2020,£0.719800
01/07/2020,£0.723200
02/07/2020,£0.725000
03/07/2020,£0.725000
04/07/2020,£0.728400
05/07/2020,£0.738700
06/07/2020,£0.740300
07/07/2020,£0.738600
08/07/2020,£0.737000
09/07/2020,£0.736900
10/07/2020,£0.737900
11/07/2020,£0.739900
12/07/2020,£0.735900
13/07/2020,£0.740600
14/07/2020,£0.739900
15/07/2020,£0.743900
16/07/2020,£0.746400
17/07/2020,£0.747700
18/07/2020,£0.748000
19/07/2020,£0.748300
20/07/2020,£0.747100
21/07/2020,£0.747700
22/07/2020,£0.747100
23/07/2020,£0.747200
24/07/2020,£0.750700
25/07/2020,£0.744600
26/07/2020,£0.745100
27/07/2020,£0.750900
28/07/2020,£0.749700
29/07/2020,£0.746800
30/07/2020,£0.742100
31/07/2020,£0.746700
01/08/2020,£0.743900
02/08/2020,£0.741900
03/08/2020,£0.742200
04/08/2020,£0.739300
05/08/2020,£0.745800
06/08/2020,£0.749700
07/08/2020,£0.750900
08/08/2020,£0.749800
09/08/2020,£0.751400
10/08/2020,£0.750300
11/08/2020,£0.755300
12/08/2020,£0.755600
13/08/2020,£0.756800
14/08/2020,£0.757900
15/08/2020,£0.759200
16/08/2020,£0.759600
17/08/2020,£0.762400
18/08/2020,£0.758100
19/08/2020,£0.760700
20/08/2020,£0.762400
21/08/2020,£0.759500
22/08/2020,£0.759200
23/08/2020,£0.764800
24/08/2020,£0.765800
25/08/2020,£0.755000
26/08/2020,£0.752900
27/08/2020,£0.757100
28/08/2020,£0.761700
29/08/2020,£0.759900
30/08/2020,£0.753900
31/08/2020,£0.761300
01/09/2020,£0.757700
02/09/2020,£0.758200
03/09/2020,£0.760000
04/09/2020,£0.757300
05/09/2020,£0.758100
06/09/2020,£0.754700
07/09/2020,£0.752700
08/09/2020,£0.754000
09/09/2020,£0.756200
10/09/2020,£0.757300
11/09/2020,£0.760900
12/09/2020,£0.765300
13/09/2020,£0.762200
14/09/2020,£0.754900
15/09/2020,£0.755300
16/09/2020,£0.753100
17/09/2020,£0.746400
18/09/2020,£0.743900
19/09/2020,£0.747000
20/09/2020,£0.743000
21/09/2020,£0.742600
22/09/2020,£0.741100
23/09/2020,£0.736300
24/09/2020,£0.741100
25/09/2020,£0.740200
26/09/2020,£0.741100
27/09/2020,£0.735700
28/09/2020,£0.746400
29/09/2020,£0.757000
30/09/2020,£0.752800
01/10/2020,£0.759700
02/10/2020,£0.757700
03/10/2020,£0.763300
04/10/2020,£0.766700
05/10/2020,£0.767300
06/10/2020,£0.773300
07/10/2020,£0.772200
08/10/2020,£0.773400
09/10/2020,£0.773700
10/10/2020,£0.774000
11/10/2020,£0.773200
12/10/2020,£0.775900
13/10/2020,£0.781200
14/10/2020,£0.781200
15/10/2020,£0.779800
16/10/2020,£0.775100
17/10/2020,£0.776600
18/10/2020,£0.777100
19/10/2020,£0.775600
20/10/2020,£0.777000
21/10/2020,£0.771300
22/10/2020,£0.768500
23/10/2020,£0.770800
24/10/2020,£0.769000
25/10/2020,£0.769800
26/10/2020,£0.767100
27/10/2020,£0.767100
28/10/2020,£0.761100
29/10/2020,£0.756300
30/10/2020,£0.757300
31/10/2020,£0.756800
01/11/2020,£0.761300
02/11/2020,£0.765300
03/11/2020,£0.762100
04/11/2020,£0.767800
05/11/2020,£0.767500
06/11/2020,£0.769500
07/11/2020,£0.770900
08/11/2020,£0.768100
09/11/2020,£0.766900
10/11/2020,£0.766000
11/11/2020,£0.763600
12/11/2020,£0.772900
13/11/2020,£0.776100
14/11/2020,£0.778300
15/11/2020,£0.776300
16/11/2020,£0.775700
17/11/2020,£0.771000
18/11/2020,£0.773100
19/11/2020,£0.774000
20/11/2020,£0.773000
21/11/2020,£0.767700
22/11/2020,£0.768800
23/11/2020,£0.773600
24/11/2020,£0.780300
25/11/2020,£0.786100
26/11/2020,£0.786300
27/11/2020,£0.788500
28/11/2020,£0.789200
29/11/2020,£0.791700
30/11/2020,£0.785100
01/12/2020,£0.782700
02/12/2020,£0.784000
03/12/2020,£0.784200
04/12/2020,£0.784000
05/12/2020,£0.790100
06/12/2020,£0.784600
07/12/2020,£0.772000
08/12/2020,£0.771600
09/12/2020,£0.774500
10/12/2020,£0.775000
11/12/2020,£0.776000
12/12/2020,£0.776300
13/12/2020,£0.775800
14/12/2020,£0.777700
15/12/2020,£0.778800
16/12/2020,£0.781000
17/12/2020,£0.772800
18/12/2020,£0.770800
19/12/2020,£0.771400
20/12/2020,£0.769200
21/12/2020,£0.767100
22/12/2020,£0.773200
23/12/2020,£0.770900
24/12/2020,£0.774200
25/12/2020,£0.775600
26/12/2020,£0.775800
27/12/2020,£0.776000
28/12/2020,£0.772900
29/12/2020,£0.773100
30/12/2020,£0.772800
31/12/2020,£0.770300
01/01/2019,£0.773800
02/01/2019,£0.777200
03/01/2019,£0.772900
04/01/2019,£0.776100
05/01/2019,£0.772200
06/01/2019,£0.775000
07/01/2019,£0.778500
08/01/2019,£0.778800
09/01/2019,£0.781600
10/01/2019,£0.780400
11/01/2019,£0.780400
12/01/2019,£0.782500
13/01/2019,£0.779000
14/01/2019,£0.795900
15/01/2019,£0.798400
16/01/2019,£0.799800
17/01/2019,£0.797400
18/01/2019,£0.800600
19/01/2019,£0.805400
20/01/2019,£0.808200
21/01/2019,£0.802000
22/01/2019,£0.801100
23/01/2019,£0.803800
24/01/2019,£0.800800
25/01/2019,£0.796500
26/01/2019,£0.802000
27/01/2019,£0.804300
28/01/2019,£0.803200
29/01/2019,£0.796300
30/01/2019,£0.801800
31/01/2019,£0.798700
01/02/2019,£0.801100
02/02/2019,£0.801400
03/02/2019,£0.809200
04/02/2019,£0.806800
05/02/2019,£0.809100
06/02/2019,£0.813500
07/02/2019,£0.822700
08/02/2019,£0.818400
09/02/2019,£0.821600
10/02/2019,£0.821900
11/02/2019,£0.821700
12/02/2019,£0.819600
13/02/2019,£0.817200
14/02/2019,£0.813400
15/02/2019,£0.815300
16/02/2019,£0.813400
17/02/2019,£0.807700
18/02/2019,£0.803700
19/02/2019,£0.802100
20/02/2019,£0.796400
21/02/2019,£0.803200
22/02/2019,£0.801800
23/02/2019,£0.802500
24/02/2019,£0.805500
25/02/2019,£0.800700
26/02/2019,£0.802600
27/02/2019,£0.802000
28/02/2019,£0.798400
01/03/2019,£0.800500
02/03/2019,£0.800300
03/03/2019,£0.797400
04/03/2019,£0.799400
05/03/2019,£0.802000
06/03/2019,£0.800800
07/03/2019,£0.798200
08/03/2019,£0.790100
09/03/2019,£0.795000
10/03/2019,£0.800900
11/03/2019,£0.796500
12/03/2019,£0.794100
13/03/2019,£0.791500
14/03/2019,£0.798700
15/03/2019,£0.797700
16/03/2019,£0.808100
17/03/2019,£0.810300
18/03/2019,£0.815700
19/03/2019,£0.805500
20/03/2019,£0.830000
21/03/2019,£0.821200
22/03/2019,£0.822400
23/03/2019,£0.818800
24/03/2019,£0.821300
25/03/2019,£0.822200
26/03/2019,£0.813800
27/03/2019,£0.805200
28/03/2019,£0.811500
29/03/2019,£0.817100
30/03/2019,£0.814600
