תאריך,שער,נפח,,,,
09.12.2022,3.4263,51.93K,,,,
08.12.2022,3.4246,81.55K,,,,
07.12.2022,3.4299,67.55K,,,,
06.12.2022,3.4264,71.66K,,,,
05.12.2022,3.4,66.47K,,,,
02.12.2022,3.3955,49.45K,,,,
01.12.2022,3.3899,58.42K,,,,
30.11.2022,3.4076,52.61K,,,,
29.11.2022,3.4357,66.50K,,,,
28.11.2022,3.4434,40.79K,,,,
25.11.2022,3.4203,32.77K,,,,
24.11.2022,3.416,52.94K,,,,
23.11.2022,3.4228,39.27K,,,,
22.11.2022,3.4654,47.81K,,,,
21.11.2022,3.4711,38.25K,,,,
18.11.2022,3.4719,32.46K,,,,
17.11.2022,3.4658,33.52K,,,,
16.11.2022,3.4251,36.32K,,,,
15.11.2022,3.4094,49.43K,,,,
14.11.2022,3.426,43.00K,,,,
11.11.2022,3.4093,58.51K,,,,
10.11.2022,3.4723,54.25K,,,,
09.11.2022,3.546,63.81K,,,,
08.11.2022,3.529,66.27K,,,,
07.11.2022,3.5346,62.69K,,,,
04.11.2022,3.546,55.91K,,,,
03.11.2022,3.5756,63.38K,,,,
02.11.2022,3.5467,53.03K,,,,
01.11.2022,3.5313,7.99K,,,,
31.10.2022,3.5214,68.17K,,,,
28.10.2022,3.5311,47.53K,,,,
27.10.2022,3.5193,78.00K,,,,
26.10.2022,3.486,62.35K,,,,
25.10.2022,3.5145,57.06K,,,,
24.10.2022,3.5482,57.50K,,,,
21.10.2022,3.5284,36.01K,,,,
20.10.2022,3.5478,56.16K,,,,
19.10.2022,3.5349,61.42K,,,,
18.10.2022,3.5227,59.08K,,,,
17.10.2022,3.5154,4.85K,,,,
14.10.2022,3.5498,20.21K,,,,
13.10.2022,3.5455,32.80K,,,,
12.10.2022,3.5579,54.69K,,,,
11.10.2022,3.5755,28.74K,,,,
10.10.2022,3.558,6.40K,,,,
07.10.2022,3.5413,51.75K,,,,
06.10.2022,3.5285,55.64K,,,,
05.10.2022,3.5255,14.14K,,,,
04.10.2022,3.5006,33.31K,,,,
03.10.2022,3.5363,69.07K,,,,
30.09.2022,3.5628,47.18K,,,,
29.09.2022,3.5566,74.29K,,,,
28.09.2022,3.5174,43.96K,,,,
27.09.2022,3.5043,5.29K,,,,
26.09.2022,3.5159,4.20K,,,,
23.09.2022,3.4986,51.90K,,,,
22.09.2022,3.487,58.82K,,,,
21.09.2022,3.4645,68.63K,,,,
20.09.2022,3.4461,53.53K,,,,
19.09.2022,3.4382,70.54K,,,,
16.09.2022,3.4232,40.22K,,,,
15.09.2022,3.4356,58.69K,,,,
14.09.2022,3.4203,74.14K,,,,
13.09.2022,3.4385,73.17K,,,,
12.09.2022,3.3641,62.84K,,,,
09.09.2022,3.407,44.81K,,,,
08.09.2022,3.4354,71.75K,,,,
07.09.2022,3.4222,53.01K,,,,
06.09.2022,3.4148,82.76K,,,,
05.09.2022,3.4074,65.75K,,,,
02.09.2022,3.3764,18.00K,,,,
01.09.2022,3.3786,71.08K,,,,
31.08.2022,3.3283,87.32K,,,,
30.08.2022,3.3266,67.12K,,,,
29.08.2022,3.3157,70.26K,,,,
26.08.2022,3.2837,44.14K,,,,
25.08.2022,3.265,64.61K,,,,
24.08.2022,3.2696,67.17K,,,,
23.08.2022,3.2612,62.72K,,,,
22.08.2022,3.2917,65.29K,,,,
19.08.2022,3.2686,53.43K,,,,
18.08.2022,3.2453,66.90K,,,,
17.08.2022,3.2448,59.91K,,,,
16.08.2022,3.2538,85.58K,,,,
15.08.2022,3.2703,62.05K,,,,
12.08.2022,3.2352,39.25K,,,,
11.08.2022,3.2444,60.56K,,,,
10.08.2022,3.2579,90.87K,,,,
09.08.2022,3.3124,67.84K,,,,
08.08.2022,3.3071,67.01K,,,,
05.08.2022,3.3495,47.64K,,,,
04.08.2022,3.3292,58.38K,,,,
03.08.2022,3.3596,54.68K,,,,
02.08.2022,3.3702,68.38K,,,,
01.08.2022,3.368,57.88K,,,,
29.07.2022,3.3968,50.75K,,,,
28.07.2022,3.4025,58.79K,,,,
27.07.2022,3.4138,74.44K,,,,
26.07.2022,3.4463,68.93K,,,,
25.07.2022,3.4384,59.66K,,,,
22.07.2022,3.4377,40.03K,,,,
21.07.2022,3.441,38.10K,,,,
20.07.2022,3.4373,41.63K,,,,
19.07.2022,3.4345,41.97K,,,,
18.07.2022,3.4475,41.88K,,,,
15.07.2022,3.4573,46.20K,,,,
14.07.2022,3.4937,53.18K,,,,
13.07.2022,3.4552,64.43K,,,,
12.07.2022,3.4827,59.51K,,,,
11.07.2022,3.4829,56.34K,,,,
08.07.2022,3.4572,36.57K,,,,
07.07.2022,3.4683,60.74K,,,,
06.07.2022,3.4924,63.20K,,,,
05.07.2022,3.5065,67.58K,,,,
04.07.2022,3.4999,43.01K,,,,
01.07.2022,3.5237,20.49K,,,,
30.06.2022,3.4949,39.44K,,,,
29.06.2022,3.4563,66.57K,,,,
28.06.2022,3.436,42.93K,,,,
27.06.2022,3.4159,53.91K,,,,
24.06.2022,3.4081,41.38K,,,,
23.06.2022,3.4477,38.04K,,,,
22.06.2022,3.4364,54.03K,,,,
21.06.2022,3.4498,59.55K,,,,
20.06.2022,3.444,49.27K,,,,
17.06.2022,3.456,38.56K,,,,
16.06.2022,3.4558,45.70K,,,,
15.06.2022,3.435,52.19K,,,,
14.06.2022,3.4667,46.58K,,,,
13.06.2022,3.4621,52.12K,,,,
10.06.2022,3.3931,42.80K,,,,
09.06.2022,3.3603,56.06K,,,,
08.06.2022,3.3302,64.49K,,,,
07.06.2022,3.3392,57.78K,,,,
06.06.2022,3.3314,48.99K,,,,
03.06.2022,3.3332,56.42K,,,,
02.06.2022,3.3248,75.54K,,,,
01.06.2022,3.3432,52.38K,,,,
31.05.2022,3.3221,54.62K,,,,
30.05.2022,3.3366,56.90K,,,,
27.05.2022,3.3474,33.17K,,,,
26.05.2022,3.3463,55.50K,,,,
25.05.2022,3.3398,58.90K,,,,
24.05.2022,3.3513,60.14K,,,,
23.05.2022,3.3354,57.12K,,,,
20.05.2022,3.356,38.21K,,,,
19.05.2022,3.3609,47.51K,,,,
18.05.2022,3.3903,46.22K,,,,
17.05.2022,3.3463,54.00K,,,,
16.05.2022,3.3856,56.59K,,,,
13.05.2022,3.4009,44.36K,,,,
12.05.2022,3.4407,59.01K,,,,
11.05.2022,3.4402,56.40K,,,,
10.05.2022,3.4513,58.98K,,,,
09.05.2022,3.4336,64.15K,,,,
06.05.2022,3.3984,44.51K,,,,
05.05.2022,3.4141,34.27K,,,,
04.05.2022,3.3471,41.29K,,,,
03.05.2022,3.3406,56.75K,,,,
02.05.2022,3.3575,70.01K,,,,
29.04.2022,3.3412,35.35K,,,,
28.04.2022,3.3192,46.32K,,,,
27.04.2022,3.3111,46.08K,,,,
26.04.2022,3.2993,50.13K,,,,
25.04.2022,3.2812,53.55K,,,,
22.04.2022,3.2698,32.53K,,,,
21.04.2022,3.242,41.17K,,,,
20.04.2022,3.2173,52.24K,,,,
19.04.2022,3.2343,55.16K,,,,
18.04.2022,3.2332,53.37K,,,,
15.04.2022,3.2169,19.33K,,,,
14.04.2022,3.2142,53.39K,,,,
13.04.2022,3.2017,46.11K,,,,
12.04.2022,3.202,54.20K,,,,
11.04.2022,3.2102,59.82K,,,,
08.04.2022,3.2224,44.53K,,,,
07.04.2022,3.2253,56.24K,,,,
06.04.2022,3.2316,58.50K,,,,
05.04.2022,3.2177,53.25K,,,,
04.04.2022,3.2085,55.35K,,,,
01.04.2022,3.2022,60.34K,,,,
31.03.2022,3.19,79.66K,,,,
30.03.2022,3.176,58.98K,,,,
29.03.2022,3.1893,66.14K,,,,
28.03.2022,3.2208,82.60K,,,,
25.03.2022,3.2117,48.90K,,,,
24.03.2022,3.2146,53.95K,,,,
23.03.2022,3.2199,54.94K,,,,
22.03.2022,3.2135,59.03K,,,,
21.03.2022,3.2192,36.77K,,,,
18.03.2022,3.2396,35.44K,,,,
17.03.2022,3.2302,22.40K,,,,
16.03.2022,3.249,54.67K,,,,
15.03.2022,3.2714,60.46K,,,,
14.03.2022,3.2799,55.88K,,,,
11.03.2022,3.251,35.32K,,,,
10.03.2022,3.2628,56.10K,,,,
09.03.2022,3.2554,56.01K,,,,
08.03.2022,3.2928,52.84K,,,,
07.03.2022,3.2816,55.15K,,,,
04.03.2022,3.2705,38.20K,,,,
03.03.2022,3.2456,56.30K,,,,
02.03.2022,3.2214,70.25K,,,,
01.03.2022,3.2209,46.29K,,,,
28.02.2022,3.2048,61.81K,,,,
25.02.2022,3.2244,44.29K,,,,
24.02.2022,3.2408,43.89K,,,,
23.02.2022,3.2324,59.50K,,,,
22.02.2022,3.2232,58.94K,,,,
21.02.2022,3.2141,54.14K,,,,
18.02.2022,3.201,54.48K,,,,
17.02.2022,3.2079,74.67K,,,,
16.02.2022,3.1886,51.78K,,,,
15.02.2022,3.2132,63.43K,,,,
14.02.2022,3.2557,54.23K,,,,
11.02.2022,3.2439,42.63K,,,,
10.02.2022,3.2272,71.48K,,,,
09.02.2022,3.2064,74.74K,,,,
08.02.2022,3.2109,56.21K,,,,
07.02.2022,3.1925,53.18K,,,,
04.02.2022,3.2069,45.72K,,,,
03.02.2022,3.1879,57.12K,,,,
02.02.2022,3.1681,69.13K,,,,
01.02.2022,3.1623,53.97K,,,,
31.01.2022,3.1671,62.55K,,,,
28.01.2022,3.1972,52.27K,,,,
27.01.2022,3.1938,62.37K,,,,
26.01.2022,3.1792,60.27K,,,,
25.01.2022,3.1722,58.78K,,,,
24.01.2022,3.1586,61.36K,,,,
21.01.2022,3.1434,44.09K,,,,
20.01.2022,3.1353,51.80K,,,,
19.01.2022,3.133,60.03K,,,,
18.01.2022,3.1305,63.05K,,,,
17.01.2022,3.1078,42.67K,,,,
14.01.2022,3.1057,48.34K,,,,
13.01.2022,3.1118,64.16K,,,,
12.01.2022,3.1083,57.99K,,,,
11.01.2022,3.1057,46.85K,,,,
10.01.2022,3.1305,57.19K,,,,
07.01.2022,3.1049,45.62K,,,,
06.01.2022,3.1065,60.44K,,,,
05.01.2022,3.1025,54.54K,,,,
04.01.2022,3.0844,59.45K,,,,
03.01.2022,3.1081,56.36K,,,,
31.12.2021,3.1047,28.11K,,,,
30.12.2021,3.1043,57.10K,,,,
29.12.2021,3.1211,60.04K,,,,
28.12.2021,3.0993,58.42K,,,,
27.12.2021,3.1122,77.57K,,,,
24.12.2021,3.1498,44.67K,,,,
23.12.2021,3.1512,87.53K,,,,
22.12.2021,3.1617,64.92K,,,,
21.12.2021,3.1612,80.83K,,,,
20.12.2021,3.1679,59.04K,,,,
17.12.2021,3.125,43.59K,,,,
16.12.2021,3.0991,58.89K,,,,
15.12.2021,3.118,58.12K,,,,
14.12.2021,3.1356,61.48K,,,,
13.12.2021,3.1113,48.61K,,,,
10.12.2021,3.0989,42.80K,,,,
09.12.2021,3.0997,68.11K,,,,
08.12.2021,3.0967,38.71K,,,,
07.12.2021,3.1276,63.37K,,,,
06.12.2021,3.1649,47.64K,,,,
03.12.2021,3.1605,46.67K,,,,
02.12.2021,3.161,54.64K,,,,
01.12.2021,3.162,54.90K,,,,
30.11.2021,3.1491,73.82K,,,,
29.11.2021,3.1573,65.83K,,,,
26.11.2021,3.1886,50.91K,,,,
25.11.2021,3.1596,79.27K,,,,
24.11.2021,3.1452,48.10K,,,,
23.11.2021,3.1309,59.76K,,,,
22.11.2021,3.0866,48.98K,,,,
19.11.2021,3.0948,58.47K,,,,
18.11.2021,3.084,70.26K,,,,
17.11.2021,3.0755,50.67K,,,,
16.11.2021,3.0923,50.47K,,,,
15.11.2021,3.1015,57.49K,,,,
12.11.2021,3.106,43.03K,,,,
11.11.2021,3.1169,59.32K,,,,
10.11.2021,3.1158,67.10K,,,,
09.11.2021,3.1063,62.94K,,,,
08.11.2021,3.1101,46.52K,,,,
05.11.2021,3.1088,42.50K,,,,
04.11.2021,3.104,59.35K,,,,
03.11.2021,3.1154,39.26K,,,,
02.11.2021,3.1319,67.95K,,,,
01.11.2021,3.1135,42.74K,,,,
29.10.2021,3.159,47.16K,,,,
28.10.2021,3.162,77.13K,,,,
27.10.2021,3.1889,75.26K,,,,
26.10.2021,3.198,68.17K,,,,
25.10.2021,3.1992,52.42K,,,,
22.10.2021,3.2055,58.34K,,,,
21.10.2021,3.2072,70.51K,,,,
20.10.2021,3.2108,70.33K,,,,
19.10.2021,3.2128,46.69K,,,,
18.10.2021,3.2169,69.56K,,,,
15.10.2021,3.2205,46.03K,,,,
14.10.2021,3.2205,42.50K,,,,
13.10.2021,3.2225,45.60K,,,,
12.10.2021,3.2303,65.48K,,,,
11.10.2021,3.2264,48.92K,,,,
08.10.2021,3.2316,46.00K,,,,
07.10.2021,3.2239,53.58K,,,,
06.10.2021,3.2342,79.46K,,,,
05.10.2021,3.2306,60.57K,,,,
04.10.2021,3.2217,58.10K,,,,
01.10.2021,3.2156,58.17K,,,,
30.09.2021,3.2235,65.71K,,,,
29.09.2021,3.2174,47.43K,,,,
28.09.2021,3.2093,56.64K,,,,
27.09.2021,3.1995,43.61K,,,,
24.09.2021,3.1966,56.97K,,,,
23.09.2021,3.1969,61.35K,,,,
22.09.2021,3.2005,50.41K,,,,
21.09.2021,3.2041,26.83K,,,,
20.09.2021,3.2114,43.44K,,,,
17.09.2021,3.206,47.32K,,,,
16.09.2021,3.2127,36.34K,,,,
15.09.2021,3.2036,37.19K,,,,
14.09.2021,3.2096,50.28K,,,,
13.09.2021,3.2087,56.54K,,,,
10.09.2021,3.1983,57.70K,,,,
09.09.2021,3.2038,81.57K,,,,
08.09.2021,3.2031,40.78K,,,,
07.09.2021,3.2039,44.22K,,,,
06.09.2021,3.2011,73.16K,,,,
03.09.2021,3.1998,70.61K,,,,
02.09.2021,3.2026,45.54K,,,,
01.09.2021,3.203,53.44K,,,,
31.08.2021,3.2032,59.83K,,,,
30.08.2021,3.2139,56.36K,,,,
27.08.2021,3.2196,48.55K,,,,
26.08.2021,3.2242,68.81K,,,,
25.08.2021,3.2247,54.90K,,,,
24.08.2021,3.2157,75.11K,,,,
23.08.2021,3.2225,55.30K,,,,
20.08.2021,3.2375,62.91K,,,,
19.08.2021,3.247,56.48K,,,,
18.08.2021,3.2318,71.46K,,,,
17.08.2021,3.2355,74.49K,,,,
16.08.2021,3.224,40.90K,,,,
13.08.2021,3.2138,44.10K,,,,
12.08.2021,3.2208,53.50K,,,,
11.08.2021,3.229,79.30K,,,,
10.08.2021,3.2269,53.31K,,,,
09.08.2021,3.2193,54.43K,,,,
06.08.2021,3.2243,70.48K,,,,
05.08.2021,3.2125,68.53K,,,,
04.08.2021,3.2105,76.80K,,,,
03.08.2021,3.2082,54.50K,,,,
02.08.2021,3.2227,54.68K,,,,
30.07.2021,3.2248,49.89K,,,,
29.07.2021,3.2364,53.26K,,,,
28.07.2021,3.2523,52.51K,,,,
27.07.2021,3.2524,74.49K,,,,
26.07.2021,3.2546,52.37K,,,,
23.07.2021,3.2714,41.13K,,,,
22.07.2021,3.272,50.00K,,,,
21.07.2021,3.2735,57.15K,,,,
20.07.2021,3.2898,60.31K,,,,
19.07.2021,3.2982,54.82K,,,,
16.07.2021,3.287,45.03K,,,,
15.07.2021,3.2726,69.20K,,,,
14.07.2021,3.2611,63.09K,,,,
13.07.2021,3.2838,64.23K,,,,
12.07.2021,3.2801,45.53K,,,,
09.07.2021,3.2776,58.72K,,,,
08.07.2021,3.2785,58.68K,,,,
07.07.2021,3.2706,56.99K,,,,
06.07.2021,3.2735,30.40K,,,,
05.07.2021,3.2615,51.03K,,,,
02.07.2021,3.2674,71.28K,,,,
01.07.2021,3.2671,60.08K,,,,
30.06.2021,3.257,73.07K,,,,
29.06.2021,3.2528,57.05K,,,,
28.06.2021,3.2571,39.16K,,,,
25.06.2021,3.2463,59.08K,,,,
24.06.2021,3.2408,51.96K,,,,
23.06.2021,3.2504,59.52K,,,,
22.06.2021,3.2574,55.21K,,,,
21.06.2021,3.2644,54.85K,,,,
18.06.2021,3.2769,53.03K,,,,
17.06.2021,3.267,59.44K,,,,
16.06.2021,3.2555,45.41K,,,,
15.06.2021,3.2391,49.08K,,,,
14.06.2021,3.243,46.41K,,,,
11.06.2021,3.2509,61.27K,,,,
10.06.2021,3.241,60.07K,,,,
09.06.2021,3.2407,57.08K,,,,
08.06.2021,3.2428,48.35K,,,,
07.06.2021,3.2447,56.73K,,,,
04.06.2021,3.2497,42.09K,,,,
03.06.2021,3.2545,44.00K,,,,
02.06.2021,3.2461,53.73K,,,,
01.06.2021,3.2406,52.70K,,,,
31.05.2021,3.2469,53.08K,,,,
28.05.2021,3.2473,54.44K,,,,
27.05.2021,3.2406,54.65K,,,,
26.05.2021,3.2466,75.34K,,,,
25.05.2021,3.2399,80.68K,,,,
24.05.2021,3.2477,43.62K,,,,
21.05.2021,3.2538,44.15K,,,,
20.05.2021,3.2539,41.69K,,,,
19.05.2021,3.2651,52.84K,,,,
18.05.2021,3.2517,43.30K,,,,
17.05.2021,3.2774,6.41K,,,,
14.05.2021,3.2724,47.86K,,,,
13.05.2021,3.2857,50.27K,,,,
12.05.2021,3.2853,52.84K,,,,
11.05.2021,3.2889,66.54K,,,,
10.05.2021,3.259,44.66K,,,,
07.05.2021,3.2488,42.08K,,,,
06.05.2021,3.2558,63.92K,,,,
05.05.2021,3.2654,48.13K,,,,
04.05.2021,3.2606,66.60K,,,,
03.05.2021,3.2487,44.85K,,,,
30.04.2021,3.2449,57.80K,,,,
29.04.2021,3.2473,49.68K,,,,
28.04.2021,3.2492,48.74K,,,,
27.04.2021,3.2389,46.32K,,,,
26.04.2021,3.2355,47.15K,,,,
23.04.2021,3.2551,39.12K,,,,
22.04.2021,3.2572,44.17K,,,,
21.04.2021,3.2641,50.98K,,,,
20.04.2021,3.2483,73.43K,,,,
19.04.2021,3.2577,54.31K,,,,
16.04.2021,3.2775,54.05K,,,,
15.04.2021,3.2797,59.49K,,,,
14.04.2021,3.279,56.69K,,,,
13.04.2021,3.2896,47.56K,,,,
12.04.2021,3.2926,44.30K,,,,
09.04.2021,3.2879,46.32K,,,,
08.04.2021,3.2798,59.61K,,,,
07.04.2021,3.2898,54.74K,,,,
06.04.2021,3.2944,49.54K,,,,
05.04.2021,3.3092,40.78K,,,,
02.04.2021,3.33,39.66K,,,,
01.04.2021,3.33,47.10K,,,,
31.03.2021,3.337,40.53K,,,,
30.03.2021,3.3334,49.50K,,,,
29.03.2021,3.3294,27.15K,,,,
26.03.2021,3.3298,57.79K,,,,
25.03.2021,3.3249,55.56K,,,,
24.03.2021,3.3118,43.08K,,,,
23.03.2021,3.2936,36.85K,,,,
22.03.2021,3.2972,42.79K,,,,
19.03.2021,3.2988,49.16K,,,,
18.03.2021,3.287,43.68K,,,,
17.03.2021,3.2838,49.03K,,,,
16.03.2021,3.2899,47.85K,,,,
15.03.2021,3.3068,39.13K,,,,
12.03.2021,3.3227,48.91K,,,,
11.03.2021,3.3035,55.83K,,,,
10.03.2021,3.3191,53.77K,,,,
09.03.2021,3.3247,49.48K,,,,
08.03.2021,3.3428,50.61K,,,,
05.03.2021,3.3284,40.74K,,,,
04.03.2021,3.3169,61.19K,,,,
03.03.2021,3.3078,72.83K,,,,
02.03.2021,3.2951,44.73K,,,,
01.03.2021,3.3015,56.72K,,,,
26.02.2021,3.3092,32.90K,,,,
25.02.2021,3.2945,54.73K,,,,
24.02.2021,3.2626,44.11K,,,,
23.02.2021,3.2661,55.82K,,,,
22.02.2021,3.2632,38.69K,,,,
19.02.2021,3.2695,51.07K,,,,
18.02.2021,3.2709,64.17K,,,,
17.02.2021,3.2651,42.80K,,,,
16.02.2021,3.2401,40.95K,,,,
15.02.2021,3.2413,52.30K,,,,
12.02.2021,3.2501,60.78K,,,,
11.02.2021,3.2472,55.51K,,,,
10.02.2021,3.2571,60.55K,,,,
09.02.2021,3.2482,64.40K,,,,
08.02.2021,3.2571,59.18K,,,,
05.02.2021,3.2871,45.98K,,,,
04.02.2021,3.2899,45.41K,,,,
03.02.2021,3.2981,40.98K,,,,
02.02.2021,3.2981,48.07K,,,,
01.02.2021,3.2932,42.48K,,,,
29.01.2021,3.2771,54.58K,,,,
28.01.2021,3.2806,49.90K,,,,
27.01.2021,3.2648,50.54K,,,,
26.01.2021,3.2627,37.34K,,,,
25.01.2021,3.2743,72.15K,,,,
22.01.2021,3.2708,47.71K,,,,
21.01.2021,3.2728,62.48K,,,,
20.01.2021,3.2651,56.11K,,,,
19.01.2021,3.252,56.65K,,,,
18.01.2021,3.2322,51.21K,,,,
15.01.2021,3.2672,55.51K,,,,
14.01.2021,3.1825,56.80K,,,,
13.01.2021,3.1261,55.05K,,,,
12.01.2021,3.1501,58.46K,,,,
11.01.2021,3.1708,55.82K,,,,
08.01.2021,3.1866,35.64K,,,,
07.01.2021,3.1805,43.04K,,,,
06.01.2021,3.1827,49.73K,,,,
05.01.2021,3.2017,45.69K,,,,
04.01.2021,3.2091,43.08K,,,,
01.01.2021,3.2141,20.84K,,,,
31.12.2020,3.2107,46.82K,,,,
30.12.2020,3.2131,61.33K,,,,
29.12.2020,3.2163,49.00K,,,,
28.12.2020,3.2193,38.43K,,,,
25.12.2020,3.2176,9.35K,,,,
24.12.2020,3.2129,36.40K,,,,
23.12.2020,3.2141,63.41K,,,,
22.12.2020,3.2295,50.02K,,,,
21.12.2020,3.247,35.15K,,,,
18.12.2020,3.235,5.96K,,,,
17.12.2020,3.2399,22.42K,,,,
16.12.2020,3.2505,66.57K,,,,
15.12.2020,3.2511,35.46K,,,,
14.12.2020,3.259,12.34K,,,,
11.12.2020,3.2544,36.98K,,,,
10.12.2020,3.2514,45.61K,,,,
09.12.2020,3.2531,58.59K,,,,
08.12.2020,3.2571,32.97K,,,,
07.12.2020,3.2545,46.20K,,,,
04.12.2020,3.2671,46.27K,,,,
03.12.2020,3.2628,67.93K,,,,
02.12.2020,3.2832,131.87K,,,,
01.12.2020,3.2865,166.78K,,,,
30.11.2020,3.3048,151.11K,,,,
27.11.2020,3.3164,152.63K,,,,
26.11.2020,3.321,131.08K,,,,
25.11.2020,3.3184,145.90K,,,,
24.11.2020,3.3313,133.32K,,,,
23.11.2020,3.346,145.53K,,,,
20.11.2020,3.3397,139.91K,,,,
19.11.2020,3.346,150.46K,,,,
18.11.2020,3.3479,136.14K,,,,
17.11.2020,3.352,147.23K,,,,
16.11.2020,3.3642,146.38K,,,,
13.11.2020,3.3669,141.75K,,,,
12.11.2020,3.3696,135.80K,,,,
11.11.2020,3.3735,130.61K,,,,
10.11.2020,3.379,141.21K,,,,
09.11.2020,3.3681,181.76K,,,,
06.11.2020,3.3723,146.99K,,,,
05.11.2020,3.3755,161.91K,,,,
04.11.2020,3.3924,158.08K,,,,
03.11.2020,3.4098,143.51K,,,,
02.11.2020,3.4087,129.63K,,,,
30.10.2020,3.4045,166.80K,,,,
29.10.2020,3.4148,169.33K,,,,
28.10.2020,3.407,174.05K,,,,
27.10.2020,3.3816,160.04K,,,,
26.10.2020,3.3913,148.22K,,,,
23.10.2020,3.3735,128.57K,,,,
22.10.2020,3.3784,133.01K,,,,
21.10.2020,3.3737,128.13K,,,,
20.10.2020,3.3794,135.09K,,,,
19.10.2020,3.3826,133.13K,,,,
16.10.2020,3.3755,97.49K,,,,
15.10.2020,3.3874,134.94K,,,,
14.10.2020,3.3757,127.44K,,,,
13.10.2020,3.3878,131.86K,,,,
12.10.2020,3.3883,130.30K,,,,
09.10.2020,3.3771,121.31K,,,,
08.10.2020,3.3886,97.40K,,,,
07.10.2020,3.4018,120.47K,,,,
06.10.2020,3.4206,129.56K,,,,
05.10.2020,3.4057,143.61K,,,,
02.10.2020,3.4314,130.83K,,,,
01.10.2020,3.4245,126.19K,,,,
30.09.2020,3.4215,137.53K,,,,
29.09.2020,3.4435,129.48K,,,,
28.09.2020,3.4635,98.97K,,,,
25.09.2020,3.4789,126.75K,,,,
24.09.2020,3.4769,136.44K,,,,
23.09.2020,3.4624,126.46K,,,,
22.09.2020,3.4308,142.45K,,,,
21.09.2020,3.453,133.22K,,,,
18.09.2020,3.4164,137.17K,,,,
17.09.2020,3.4243,133.31K,,,,
16.09.2020,3.4185,135.45K,,,,
15.09.2020,3.4238,128.45K,,,,
14.09.2020,3.4365,135.21K,,,,
11.09.2020,3.4604,125.22K,,,,
10.09.2020,3.4214,116.96K,,,,
09.09.2020,3.3949,138.09K,,,,
08.09.2020,3.3912,146.22K,,,,
07.09.2020,3.3765,98.76K,,,,
04.09.2020,3.3678,127.55K,,,,
03.09.2020,3.3639,135.68K,,,,
02.09.2020,3.3613,126.88K,,,,
01.09.2020,3.3642,136.47K,,,,
31.08.2020,3.3513,121.87K,,,,
28.08.2020,3.3573,148.87K,,,,
27.08.2020,3.3709,146.59K,,,,
26.08.2020,3.3988,135.88K,,,,
25.08.2020,3.3997,134.99K,,,,
24.08.2020,3.4014,137.57K,,,,
21.08.2020,3.401,142.68K,,,,
20.08.2020,3.4,136.63K,,,,
19.08.2020,3.4029,102.27K,,,,
18.08.2020,3.4001,45.38K,,,,
17.08.2020,3.4025,123.25K,,,,
14.08.2020,3.4013,120.08K,,,,
13.08.2020,3.4028,148.59K,,,,
12.08.2020,3.4082,130.30K,,,,
11.08.2020,3.4119,128.21K,,,,
10.08.2020,3.4054,154.77K,,,,
07.08.2020,3.4091,140.43K,,,,
06.08.2020,3.4011,101.12K,,,,
05.08.2020,3.4006,108.18K,,,,
04.08.2020,3.413,100.13K,,,,
03.08.2020,3.4061,113.41K,,,,
31.07.2020,3.4035,118.22K,,,,
30.07.2020,3.4039,115.75K,,,,
29.07.2020,3.4019,118.57K,,,,
28.07.2020,3.4102,108.72K,,,,
27.07.2020,3.4134,121.83K,,,,
24.07.2020,3.4105,110.21K,,,,
23.07.2020,3.4145,112.60K,,,,
22.07.2020,3.4218,118.30K,,,,
21.07.2020,3.4175,118.02K,,,,
20.07.2020,3.4233,107.51K,,,,
17.07.2020,3.4294,114.16K,,,,
16.07.2020,3.4461,113.77K,,,,
15.07.2020,3.426,120.87K,,,,
14.07.2020,3.4378,123.46K,,,,
13.07.2020,3.4458,109.12K,,,,
10.07.2020,3.4573,107.81K,,,,
09.07.2020,3.4535,119.95K,,,,
08.07.2020,3.4495,109.96K,,,,
07.07.2020,3.4478,109.20K,,,,
06.07.2020,3.4563,119.41K,,,,
03.07.2020,3.4355,112.42K,,,,
02.07.2020,3.4411,113.67K,,,,
01.07.2020,3.4505,119.08K,,,,
30.06.2020,3.4625,123.51K,,,,
29.06.2020,3.4503,104.83K,,,,
26.06.2020,3.4305,118.79K,,,,
25.06.2020,3.4335,125.69K,,,,
24.06.2020,3.439,118.70K,,,,
23.06.2020,3.4269,115.62K,,,,
22.06.2020,3.4383,114.22K,,,,
19.06.2020,3.4493,106.59K,,,,
18.06.2020,3.4497,115.78K,,,,
17.06.2020,3.4505,115.26K,,,,
16.06.2020,3.4586,115.79K,,,,
15.06.2020,3.4765,108.50K,,,,
12.06.2020,3.475,118.16K,,,,
11.06.2020,3.4657,121.19K,,,,
10.06.2020,3.4351,120.52K,,,,
09.06.2020,3.4475,120.38K,,,,
08.06.2020,3.4491,115.63K,,,,
05.06.2020,3.4674,114.65K,,,,
04.06.2020,3.4545,113.20K,,,,
03.06.2020,3.4741,114.56K,,,,
02.06.2020,3.4759,118.92K,,,,
01.06.2020,3.4933,90.93K,,,,
29.05.2020,3.507,106.07K,,,,
28.05.2020,3.5089,112.14K,,,,
27.05.2020,3.498,121.61K,,,,
26.05.2020,3.5101,107.76K,,,,
25.05.2020,3.5258,102.45K,,,,
22.05.2020,3.5302,114.44K,,,,
21.05.2020,3.5203,104.54K,,,,
20.05.2020,3.5109,116.19K,,,,
19.05.2020,3.5126,114.74K,,,,
18.05.2020,3.5282,112.25K,,,,
15.05.2020,3.5352,110.40K,,,,
14.05.2020,3.5408,111.41K,,,,
13.05.2020,3.5315,113.70K,,,,
12.05.2020,3.5135,109.32K,,,,
11.05.2020,3.5082,97.46K,,,,
08.05.2020,3.5093,107.99K,,,,
07.05.2020,3.5069,112.16K,,,,
06.05.2020,3.516,124.98K,,,,
05.05.2020,3.5154,113.16K,,,,
04.05.2020,3.528,100.51K,,,,
01.05.2020,3.5055,105.62K,,,,
30.04.2020,3.4845,98.72K,,,,
29.04.2020,3.4987,88.74K,,,,
28.04.2020,3.5023,86.66K,,,,
27.04.2020,3.4996,92.76K,,,,
24.04.2020,3.5248,102.78K,,,,
23.04.2020,3.5333,96.83K,,,,
22.04.2020,3.5413,96.20K,,,,
21.04.2020,3.5577,101.62K,,,,
20.04.2020,3.5597,94.93K,,,,
17.04.2020,3.5864,64.13K,,,,
16.04.2020,3.5908,74.25K,,,,
15.04.2020,3.604,65.88K,,,,
14.04.2020,3.5838,66.39K,,,,
13.04.2020,3.5732,56.05K,,,,
10.04.2020,3.5751,40.44K,,,,
09.04.2020,3.5777,55.31K,,,,
08.04.2020,3.5865,58.29K,,,,
07.04.2020,3.5816,67.06K,,,,
06.04.2020,3.5844,52.99K,,,,
03.04.2020,3.6313,58.35K,,,,
02.04.2020,3.6174,69.57K,,,,
01.04.2020,3.6025,69.03K,,,,
31.03.2020,3.5442,74.95K,,,,
30.03.2020,3.5691,48.91K,,,,
27.03.2020,3.5666,50.19K,,,,
26.03.2020,3.5928,66.44K,,,,
25.03.2020,3.6173,54.05K,,,,
24.03.2020,3.6124,56.63K,,,,
23.03.2020,3.6985,42.31K,,,,
20.03.2020,3.6051,41.90K,,,,
19.03.2020,3.6294,32.41K,,,,
18.03.2020,3.7192,35.19K,,,,
17.03.2020,3.8147,52.21K,,,,
16.03.2020,3.7682,52.53K,,,,
13.03.2020,3.6644,58.78K,,,,
12.03.2020,3.6528,73.89K,,,,
11.03.2020,3.5622,85.18K,,,,
10.03.2020,3.53,64.07K,,,,
09.03.2020,3.5198,72.97K,,,,
06.03.2020,3.4838,68.53K,,,,
05.03.2020,3.4823,86.84K,,,,
04.03.2020,3.4493,66.78K,,,,
03.03.2020,3.4507,81.27K,,,,
02.03.2020,3.477,66.59K,,,,
28.02.2020,3.4655,67.30K,,,,
27.02.2020,3.457,82.46K,,,,
26.02.2020,3.4338,76.43K,,,,
25.02.2020,3.4351,81.72K,,,,
24.02.2020,3.4269,81.78K,,,,
21.02.2020,3.415,78.67K,,,,
20.02.2020,3.4249,79.54K,,,,
19.02.2020,3.4243,84.42K,,,,
18.02.2020,3.4191,66.04K,,,,
17.02.2020,3.4195,64.65K,,,,
14.02.2020,3.4254,14.35K,,,,
13.02.2020,3.4222,16.36K,,,,
12.02.2020,3.4305,17.57K,,,,
11.02.2020,3.4149,16.59K,,,,
10.02.2020,3.4193,14.87K,,,,
07.02.2020,3.4274,15.63K,,,,
06.02.2020,3.4265,19.62K,,,,
05.02.2020,3.4396,20.14K,,,,
04.02.2020,3.4459,21.17K,,,,
03.02.2020,3.4406,14.46K,,,,
31.01.2020,3.4496,18.00K,,,,
30.01.2020,3.448,17.38K,,,,
29.01.2020,3.4505,19.65K,,,,
28.01.2020,3.4522,18.67K,,,,
27.01.2020,3.4568,21.74K,,,,
24.01.2020,3.4538,16.73K,,,,
23.01.2020,3.455,17.39K,,,,
22.01.2020,3.4598,19.18K,,,,
21.01.2020,3.4551,18.43K,,,,
20.01.2020,3.4552,14.21K,,,,
17.01.2020,3.4555,16.72K,,,,
16.01.2020,3.4541,17.96K,,,,
15.01.2020,3.4555,20.99K,,,,
14.01.2020,3.4648,20.26K,,,,
13.01.2020,3.4613,16.67K,,,,
10.01.2020,3.4656,17.38K,,,,
09.01.2020,3.4583,21.47K,,,,
08.01.2020,3.4596,17.65K,,,,
07.01.2020,3.4646,15.64K,,,,
06.01.2020,3.4745,12.79K,,,,
03.01.2020,3.4795,16.00K,,,,
02.01.2020,3.4451,15.73K,,,,
01.01.2020,3.4561,4.59K,,,,
31.12.2019,3.4524,16.92K,,,,
30.12.2019,3.4585,14.58K,,,,
27.12.2019,3.456,16.32K,,,,
26.12.2019,3.4682,15.38K,,,,
25.12.2019,3.4702,7.24K,,,,
24.12.2019,3.4735,16.37K,,,,
23.12.2019,3.4723,12.83K,,,,
20.12.2019,3.4755,15.19K,,,,
19.12.2019,3.4784,15.29K,,,,
18.12.2019,3.4949,15.25K,,,,
17.12.2019,3.4862,13.98K,,,,
16.12.2019,3.4943,17.59K,,,,
13.12.2019,3.4816,18.23K,,,,
12.12.2019,3.4755,20.99K,,,,
11.12.2019,3.4686,21.14K,,,,
10.12.2019,3.4758,19.86K,,,,
09.12.2019,3.4653,16.62K,,,,
06.12.2019,3.4665,17.01K,,,,
05.12.2019,3.4632,19.31K,,,,
04.12.2019,3.4728,20.46K,,,,
03.12.2019,3.4823,26.30K,,,,
02.12.2019,3.4725,19.99K,,,,
29.11.2019,3.4735,28.36K,,,,
28.11.2019,3.4756,26.78K,,,,
27.11.2019,3.4643,28.42K,,,,
26.11.2019,3.4615,32.19K,,,,
25.11.2019,3.4656,20.41K,,,,
22.11.2019,3.4684,27.40K,,,,
21.11.2019,3.4638,27.63K,,,,
20.11.2019,3.4693,23.53K,,,,
19.11.2019,3.4627,26.28K,,,,
18.11.2019,3.4585,23.18K,,,,
15.11.2019,3.4707,27.17K,,,,
14.11.2019,3.4819,30.00K,,,,
13.11.2019,3.4901,28.36K,,,,
12.11.2019,3.5011,29.86K,,,,
11.11.2019,3.5002,26.36K,,,,
08.11.2019,3.4907,18.96K,,,,
07.11.2019,3.493,20.44K,,,,
06.11.2019,3.4871,22.69K,,,,
05.11.2019,3.4895,28.42K,,,,
04.11.2019,3.5106,17.69K,,,,
01.11.2019,3.5277,17.31K,,,,
31.10.2019,3.5213,17.42K,,,,
30.10.2019,3.5268,19.53K,,,,
29.10.2019,3.5238,21.60K,,,,
28.10.2019,3.5305,19.74K,,,,
25.10.2019,3.5334,19.81K,,,,
24.10.2019,3.5364,22.23K,,,,
23.10.2019,3.5258,20.56K,,,,
22.10.2019,3.5317,21.15K,,,,
21.10.2019,3.54,2.32K,,,,
18.10.2019,3.5369,20.12K,,,,
17.10.2019,3.54,21.49K,,,,
16.10.2019,3.5292,21.24K,,,,
15.10.2019,3.5185,17.09K,,,,
14.10.2019,3.509,2.11K,,,,
11.10.2019,3.4995,22.28K,,,,
10.10.2019,3.506,21.45K,,,,
09.10.2019,3.5014,17.82K,,,,
08.10.2019,3.5055,15.34K,,,,
07.10.2019,3.5105,22.20K,,,,
04.10.2019,3.4802,28.14K,,,,
03.10.2019,3.4919,26.60K,,,,
02.10.2019,3.4886,20.56K,,,,
01.10.2019,3.4805,3.62K,,,,
30.09.2019,3.4738,4.14K,,,,
27.09.2019,3.4799,28.95K,,,,
26.09.2019,3.4858,32.99K,,,,
25.09.2019,3.5054,30.86K,,,,
24.09.2019,3.4969,27.54K,,,,
23.09.2019,3.5125,22.48K,,,,
20.09.2019,3.5201,21.14K,,,,
19.09.2019,3.5157,27.21K,,,,
18.09.2019,3.5349,30.01K,,,,
17.09.2019,3.544,15.35K,,,,
16.09.2019,3.5439,20.88K,,,,
13.09.2019,3.5282,22.39K,,,,
12.09.2019,3.5315,27.92K,,,,
11.09.2019,3.5387,27.66K,,,,
10.09.2019,3.5418,30.78K,,,,
09.09.2019,3.5236,16.31K,,,,
06.09.2019,3.5207,22.43K,,,,
05.09.2019,3.5186,26.60K,,,,
04.09.2019,3.525,24.24K,,,,
03.09.2019,3.5396,28.34K,,,,
02.09.2019,3.5388,22.93K,,,,
30.08.2019,3.529,23.76K,,,,
29.08.2019,3.5288,23.44K,,,,
28.08.2019,3.5252,23.87K,,,,
27.08.2019,3.5213,17.26K,,,,
26.08.2019,3.5181,20.36K,,,,
23.08.2019,3.5078,23.24K,,,,
22.08.2019,3.5148,28.57K,,,,
21.08.2019,3.5219,26.18K,,,,
20.08.2019,3.528,22.18K,,,,
19.08.2019,3.5239,20.07K,,,,
16.08.2019,3.5415,26.82K,,,,
15.08.2019,3.5392,23.61K,,,,
14.08.2019,3.5185,27.18K,,,,
13.08.2019,3.4823,24.55K,,,,
12.08.2019,3.4727,20.98K,,,,
09.08.2019,3.4766,22.93K,,,,
08.08.2019,3.4783,19.00K,,,,
07.08.2019,3.4765,20.85K,,,,
06.08.2019,3.4848,20.02K,,,,
05.08.2019,3.4865,21.70K,,,,
02.08.2019,3.4919,19.53K,,,,
01.08.2019,3.5105,30.13K,,,,
31.07.2019,3.5106,31.31K,,,,
30.07.2019,3.4903,27.42K,,,,
29.07.2019,3.52,20.37K,,,,
26.07.2019,3.5216,23.16K,,,,
25.07.2019,3.5278,23.83K,,,,
24.07.2019,3.5221,21.80K,,,,
23.07.2019,3.5367,25.59K,,,,
22.07.2019,3.5258,19.50K,,,,
19.07.2019,3.5381,23.93K,,,,
18.07.2019,3.532,26.80K,,,,
17.07.2019,3.5393,26.25K,,,,
16.07.2019,3.5474,26.63K,,,,
15.07.2019,3.5481,24.02K,,,,
12.07.2019,3.55,27.11K,,,,
11.07.2019,3.5501,28.82K,,,,
10.07.2019,3.5502,24.25K,,,,
09.07.2019,3.5656,20.98K,,,,
08.07.2019,3.5685,20.63K,,,,
05.07.2019,3.5737,18.31K,,,,
04.07.2019,3.5608,18.28K,,,,
03.07.2019,3.5656,20.76K,,,,
02.07.2019,3.5719,23.39K,,,,
01.07.2019,3.5806,19.24K,,,,
28.06.2019,3.5668,22.03K,,,,
27.06.2019,3.57,25.26K,,,,
26.06.2019,3.5915,19.34K,,,,
25.06.2019,3.5975,19.79K,,,,
24.06.2019,3.5972,17.85K,,,,
21.06.2019,3.6138,18.02K,,,,
20.06.2019,3.5889,26.13K,,,,
19.06.2019,3.5865,26.13K,,,,
18.06.2019,3.6036,19.95K,,,,
17.06.2019,3.6062,19.09K,,,,
14.06.2019,3.603,23.54K,,,,
13.06.2019,3.5955,25.85K,,,,
12.06.2019,3.5904,22.65K,,,,
11.06.2019,3.5785,26.05K,,,,
10.06.2019,3.5785,19.62K,,,,
07.06.2019,3.5725,21.36K,,,,
06.06.2019,3.5941,24.12K,,,,
05.06.2019,3.6033,22.59K,,,,
04.06.2019,3.6172,20.74K,,,,
03.06.2019,3.6116,19.80K,,,,
31.05.2019,3.6246,23.31K,,,,
30.05.2019,3.6301,19.66K,,,,
29.05.2019,3.6117,20.62K,,,,
28.05.2019,3.6099,18.10K,,,,
27.05.2019,3.6024,21.49K,,,,
24.05.2019,3.6005,26.82K,,,,
23.05.2019,3.607,22.40K,,,,
22.05.2019,3.6104,26.63K,,,,
21.05.2019,3.6182,19.56K,,,,
20.05.2019,3.5797,19.23K,,,,
17.05.2019,3.5706,24.95K,,,,
16.05.2019,3.5702,21.44K,,,,
15.05.2019,3.5726,22.73K,,,,
14.05.2019,3.5723,27.08K,,,,
13.05.2019,3.5744,17.05K,,,,
10.05.2019,3.559,19.76K,,,,
09.05.2019,3.569,19.54K,,,,
08.05.2019,3.5697,20.53K,,,,
07.05.2019,3.5893,20.67K,,,,
06.05.2019,3.5838,22.85K,,,,
03.05.2019,3.5816,16.13K,,,,
02.05.2019,3.5966,27.86K,,,,
01.05.2019,3.5904,20.05K,,,,
30.04.2019,3.5986,26.72K,,,,
29.04.2019,3.6082,20.69K,,,,
26.04.2019,3.6195,17.63K,,,,
25.04.2019,3.627,18.96K,,,,
24.04.2019,3.6221,25.27K,,,,
23.04.2019,3.6018,19.36K,,,,
22.04.2019,3.591,19.80K,,,,
19.04.2019,3.5919,15.10K,,,,
18.04.2019,3.592,24.02K,,,,
17.04.2019,3.5706,28.54K,,,,
16.04.2019,3.565,20.30K,,,,
15.04.2019,3.559,22.73K,,,,
12.04.2019,3.5656,28.34K,,,,
11.04.2019,3.5785,21.68K,,,,
10.04.2019,3.5773,25.20K,,,,
09.04.2019,3.5771,17.24K,,,,
08.04.2019,3.5825,16.41K,,,,
05.04.2019,3.5792,15.51K,,,,
04.04.2019,3.5849,20.10K,,,,
03.04.2019,3.5993,20.97K,,,,
02.04.2019,3.6203,19.66K,,,,
01.04.2019,3.6215,19.42K,,,,
29.03.2019,3.6324,18.44K,,,,
28.03.2019,3.6245,20.61K,,,,
27.03.2019,3.6322,21.79K,,,,
26.03.2019,3.6198,17.18K,,,,
25.03.2019,3.6259,18.50K,,,,
22.03.2019,3.6177,6.15K,,,,
21.03.2019,3.603,17.61K,,,,
20.03.2019,3.5949,19.82K,,,,
19.03.2019,3.6077,18.16K,,,,
18.03.2019,3.6052,16.47K,,,,
15.03.2019,3.5967,14.01K,,,,
14.03.2019,3.6097,21.53K,,,,
13.03.2019,3.6004,25.68K,,,,
12.03.2019,3.6121,18.90K,,,,
11.03.2019,3.6239,20.59K,,,,
08.03.2019,3.6298,26.86K,,,,
07.03.2019,3.6276,22.20K,,,,
06.03.2019,3.6089,17.39K,,,,
05.03.2019,3.6143,25.79K,,,,
04.03.2019,3.6229,19.95K,,,,
01.03.2019,3.6322,19.31K,,,,
28.02.2019,3.6237,25.30K,,,,
27.02.2019,3.6153,19.79K,,,,
26.02.2019,3.6195,21.11K,,,,
25.02.2019,3.6082,18.49K,,,,
22.02.2019,3.6111,6.50K,,,,
21.02.2019,3.6191,25.72K,,,,
20.02.2019,3.6096,17.98K,,,,
19.02.2019,3.6189,23.18K,,,,
18.02.2019,3.6178,18.43K,,,,
15.02.2019,3.6202,20.61K,,,,
14.02.2019,3.6374,26.89K,,,,
13.02.2019,3.6502,19.24K,,,,
12.02.2019,3.637,22.54K,,,,
11.02.2019,3.6477,17.98K,,,,
08.02.2019,3.6414,15.62K,,,,
07.02.2019,3.6334,26.64K,,,,
06.02.2019,3.6221,23.74K,,,,
05.02.2019,3.6101,15.85K,,,,
04.02.2019,3.6126,20.35K,,,,
01.02.2019,3.6375,20.10K,,,,
31.01.2019,3.6322,26.47K,,,,
30.01.2019,3.6561,23.11K,,,,
29.01.2019,3.68,26.94K,,,,
28.01.2019,3.6744,22.00K,,,,
25.01.2019,3.6624,12.71K,,,,
24.01.2019,3.6865,21.72K,,,,
23.01.2019,3.6751,18.22K,,,,
22.01.2019,3.6803,9.75K,,,,
21.01.2019,3.6955,12.75K,,,,
18.01.2019,3.69,14.34K,,,,
17.01.2019,3.6915,12.07K,,,,
16.01.2019,3.6866,,,,,
15.01.2019,3.6804,,,,,
14.01.2019,3.6631,,,,,
11.01.2019,3.6729,1.47K,,,,
10.01.2019,3.6696,,,,,
09.01.2019,3.6681,,,,,
08.01.2019,3.6974,0.20K,,,,
07.01.2019,3.7082,0.34K,,,,
04.01.2019,3.7089,15.01K,,,,
03.01.2019,3.7271,0.87K,,,,
02.01.2019,3.7545,0.01K,,,,
01.01.2019,3.7339,0.00K,,,,
31.12.2018,3.7375,0.01K,,,,
28.12.2018,3.7636,,,,,
27.12.2018,3.7709,0.01K,,,,
26.12.2018,3.778,0.00K,,,,
25.12.2018,3.781,,,,,
24.12.2018,3.7691,,,,,
21.12.2018,3.7678,,,,,
20.12.2018,3.7656,0.11K,,,,
19.12.2018,3.7616,,,,,
18.12.2018,3.7612,0.00K,,,,
17.12.2018,3.7681,0.42K,,,,
14.12.2018,3.7696,,,,,
13.12.2018,3.7651,0.01K,,,,
12.12.2018,3.7498,0.57K,,,,
11.12.2018,3.7513,0.00K,,,,
10.12.2018,3.7436,0.00K,,,,
07.12.2018,3.733,,,,,
06.12.2018,3.7379,0.28K,,,,
05.12.2018,3.7266,0.01K,,,,
04.12.2018,3.736,0.01K,,,,
03.12.2018,3.7252,0.14K,,,,
30.11.2018,3.7162,,,,,
29.11.2018,3.7079,0.10K,,,,
28.11.2018,3.7185,0.01K,,,,
27.11.2018,3.7357,0.12K,,,,
26.11.2018,3.7149,0.10K,,,,
23.11.2018,3.7357,,,,,
22.11.2018,3.7392,0.03K,,,,
21.11.2018,3.7281,0.08K,,,,
20.11.2018,3.7321,0.27K,,,,
19.11.2018,3.7022,0.07K,,,,
16.11.2018,3.702,,,,,
15.11.2018,3.7096,0.01K,,,,
14.11.2018,3.6925,0.08K,,,,
13.11.2018,3.6898,1.89K,,,,
12.11.2018,3.6946,0.06K,,,,
09.11.2018,3.6728,,,,,
08.11.2018,3.684,0.02K,,,,
07.11.2018,3.6671,0.01K,,,,
06.11.2018,3.687,0.01K,,,,
05.11.2018,3.6892,0.00K,,,,
02.11.2018,3.6913,,,,,
01.11.2018,3.7014,0.00K,,,,
31.10.2018,3.7192,0.01K,,,,
30.10.2018,3.7118,0.09K,,,,
29.10.2018,3.7101,0.00K,,,,
26.10.2018,3.6937,,,,,
25.10.2018,3.6956,0.01K,,,,
24.10.2018,3.686,0.01K,,,,
23.10.2018,3.6723,0.01K,,,,
22.10.2018,3.6618,,,,,
19.10.2018,3.657,,,,,
18.10.2018,3.662,,,,,
17.10.2018,3.6488,,,,,
16.10.2018,3.6406,,,,,
15.10.2018,3.6465,,,,,
12.10.2018,3.6243,,,,,
11.10.2018,3.6308,,,,,
10.10.2018,3.6315,,,,,
09.10.2018,3.637,,,,,
08.10.2018,3.6435,,,,,
05.10.2018,3.625,,,,,
04.10.2018,3.6364,,,,,
03.10.2018,3.6438,,,,,
02.10.2018,3.6482,,,,,
01.10.2018,3.6372,,,,,
28.09.2018,3.6378,,,,,
27.09.2018,3.6067,,,,,
26.09.2018,3.583,,,,,
25.09.2018,3.5854,,,,,
24.09.2018,3.5765,,,,,
21.09.2018,3.5709,,,,,
20.09.2018,3.5716,,,,,
19.09.2018,3.5862,,,,,
18.09.2018,3.5888,,,,,
17.09.2018,3.582,,,,,
14.09.2018,3.5793,,,,,
13.09.2018,3.5661,,,,,
12.09.2018,3.5751,,,,,
11.09.2018,3.5802,,,,,
10.09.2018,3.5821,,,,,
07.09.2018,3.5931,,,,,
06.09.2018,3.5841,,,,,
05.09.2018,3.5999,,,,,
04.09.2018,3.6166,,,,,
03.09.2018,3.6131,,,,,
31.08.2018,3.6066,,,,,
30.08.2018,3.6136,,,,,
29.08.2018,3.6094,,,,,
28.08.2018,3.6269,,,,,
27.08.2018,3.6266,,,,,
24.08.2018,3.6189,,,,,
23.08.2018,3.6475,,,,,
22.08.2018,3.6305,,,,,
21.08.2018,3.64,,,,,
20.08.2018,3.6544,,,,,
17.08.2018,3.6604,,,,,
16.08.2018,3.6705,,,,,
15.08.2018,3.6828,,,,,
14.08.2018,3.6821,,,,,
13.08.2018,3.6926,,,,,
10.08.2018,3.7158,,,,,
09.08.2018,3.6905,,,,,
08.08.2018,3.6784,,,,,
07.08.2018,3.6793,,,,,
06.08.2018,3.7066,,,,,
03.08.2018,3.6894,,,,,
02.08.2018,3.6898,,,,,
01.08.2018,3.6758,,,,,
31.07.2018,3.6705,,,,,
30.07.2018,3.6641,,,,,
27.07.2018,3.6517,,,,,
26.07.2018,3.6496,,,,,
25.07.2018,3.6327,,,,,
24.07.2018,3.6501,,,,,
23.07.2018,3.6465,,,,,
20.07.2018,3.6282,,,,,
19.07.2018,3.645,,,,,
18.07.2018,3.6376,,,,,
17.07.2018,3.6319,,,,,
16.07.2018,3.6268,,,,,
13.07.2018,3.6381,,,,,
12.07.2018,3.6387,,,,,
11.07.2018,3.6489,,,,,
10.07.2018,3.6322,,,,,
09.07.2018,3.6306,,,,,
06.07.2018,3.6242,,,,,
05.07.2018,3.6393,,,,,
04.07.2018,3.6501,,,,,
03.07.2018,3.6503,,,,,
02.07.2018,3.6631,,,,,
29.06.2018,3.6566,,,,,
28.06.2018,3.6555,,,,,
27.06.2018,3.6483,,,,,
26.06.2018,3.6368,,,,,
25.06.2018,3.6187,,,,,
22.06.2018,3.6045,,,,,
21.06.2018,3.6226,,,,,
20.06.2018,3.6215,,,,,
19.06.2018,3.6309,,,,,
18.06.2018,3.6412,,,,,
15.06.2018,3.6246,,,,,
14.06.2018,3.6164,,,,,
13.06.2018,3.5906,,,,,
12.06.2018,3.5872,,,,,
11.06.2018,3.5696,,,,,
08.06.2018,3.5675,,,,,
07.06.2018,3.5706,,,,,
06.06.2018,3.5712,,,,,
05.06.2018,3.5662,,,,,
04.06.2018,3.5663,,,,,
01.06.2018,3.5579,,,,,
31.05.2018,3.5605,,,,,
30.05.2018,3.5696,,,,,
29.05.2018,3.5919,,,,,
28.05.2018,3.5741,,,,,
25.05.2018,3.5623,,,,,
24.05.2018,3.5647,,,,,
23.05.2018,3.572,,,,,
22.05.2018,3.5608,,,,,
21.05.2018,3.5726,,,,,
18.05.2018,3.5924,,,,,
17.05.2018,3.5928,,,,,
16.05.2018,3.5866,,,,,
15.05.2018,3.5989,,,,,
14.05.2018,3.5925,,,,,
11.05.2018,3.5752,,,,,
10.05.2018,3.5641,,,,,
09.05.2018,3.5839,,,,,
08.05.2018,3.6183,,,,,
07.05.2018,3.6061,,,,,
04.05.2018,3.6136,,,,,
03.05.2018,3.6166,,,,,
02.05.2018,3.6236,,,,,
01.05.2018,3.6083,,,,,
30.04.2018,3.5964,,,,,
27.04.2018,3.588,,,,,
26.04.2018,3.5867,,,,,
25.04.2018,3.5878,,,,,
24.04.2018,3.5652,,,,,
23.04.2018,3.5459,,,,,
20.04.2018,3.5297,,,,,
19.04.2018,3.5208,,,,,
18.04.2018,3.5134,,,,,
17.04.2018,3.5124,,,,,
16.04.2018,3.5277,,,,,
13.04.2018,3.5166,,,,,
12.04.2018,3.5116,,,,,
11.04.2018,3.5094,,,,,
10.04.2018,3.5012,,,,,
09.04.2018,3.5195,,,,,
06.04.2018,3.5366,,,,,
05.04.2018,3.5282,,,,,
04.04.2018,3.5362,,,,,
03.04.2018,3.5301,,,,,
02.04.2018,3.5267,,,,,
30.03.2018,3.4905,,,,,
29.03.2018,3.5055,,,,,
28.03.2018,3.5068,,,,,
27.03.2018,3.4895,,,,,
26.03.2018,3.4966,,,,,
23.03.2018,3.4849,,,,,
22.03.2018,3.4807,,,,,
21.03.2018,3.4648,,,,,
20.03.2018,3.4792,,,,,
19.03.2018,3.472,,,,,
16.03.2018,3.4575,,,,,
15.03.2018,3.4518,,,,,
14.03.2018,3.4364,,,,,
13.03.2018,3.4318,,,,,
12.03.2018,3.4433,,,,,
09.03.2018,3.4446,,,,,
08.03.2018,3.4581,,,,,
07.03.2018,3.4572,,,,,
06.03.2018,3.4578,,,,,
05.03.2018,3.4659,,,,,
02.03.2018,3.4419,,,,,
01.03.2018,3.468,,,,,
28.02.2018,3.4769,,,,,
27.02.2018,3.4836,,,,,
26.02.2018,3.483,,,,,
23.02.2018,3.4857,,,,,
22.02.2018,3.4932,,,,,
21.02.2018,3.4958,,,,,
20.02.2018,3.4987,,,,,
19.02.2018,3.5074,,,,,
16.02.2018,3.5475,,,,,
15.02.2018,3.5347,,,,,
14.02.2018,3.5229,,,,,
13.02.2018,3.5361,,,,,
12.02.2018,3.5208,,,,,
09.02.2018,3.5162,,,,,
08.02.2018,3.5175,,,,,
07.02.2018,3.4947,,,,,
06.02.2018,3.4822,,,,,
05.02.2018,3.4571,,,,,
02.02.2018,3.4499,,,,,
01.02.2018,3.4306,,,,,
31.01.2018,3.4196,,,,,
30.01.2018,3.4179,,,,,
29.01.2018,3.3986,,,,,
26.01.2018,3.3901,,,,,
25.01.2018,3.3948,,,,,
24.01.2018,3.4099,,,,,
23.01.2018,3.4105,,,,,
22.01.2018,3.4152,,,,,
19.01.2018,3.4166,,,,,
18.01.2018,3.4173,,,,,
17.01.2018,3.4426,,,,,
16.01.2018,3.4312,,,,,
15.01.2018,3.4009,,,,,
12.01.2018,3.3948,,,,,
11.01.2018,3.4192,,,,,
10.01.2018,3.4268,,,,,
09.01.2018,3.4423,,,,,
08.01.2018,3.4478,,,,,
05.01.2018,3.4326,,,,,
04.01.2018,3.4463,,,,,
03.01.2018,3.4519,,,,,
02.01.2018,3.4535,,,,,
01.01.2018,3.4701,,,,,
29.12.2017,3.48,,,,,
28.12.2017,3.4693,,,,,
27.12.2017,3.4792,,,,,
26.12.2017,3.4897,,,,,
25.12.2017,3.4831,,,,,
22.12.2017,3.4832,,,,,
21.12.2017,3.486,,,,,
20.12.2017,3.4952,,,,,
19.12.2017,3.5017,,,,,
18.12.2017,3.5052,,,,,
15.12.2017,3.5161,,,,,
14.12.2017,3.521,,,,,
13.12.2017,3.5229,,,,,
12.12.2017,3.5469,,,,,
11.12.2017,3.5302,,,,,
08.12.2017,3.5228,,,,,
07.12.2017,3.5175,,,,,
06.12.2017,3.5153,,,,,
05.12.2017,3.5044,,,,,
04.12.2017,3.4871,,,,,
01.12.2017,3.4855,,,,,
30.11.2017,3.4956,,,,,
29.11.2017,3.5041,,,,,
28.11.2017,3.5108,,,,,
27.11.2017,3.4998,,,,,
24.11.2017,3.5076,,,,,
23.11.2017,3.5113,,,,,
22.11.2017,3.5097,,,,,
21.11.2017,3.5158,,,,,
20.11.2017,3.5163,,,,,
17.11.2017,3.5133,,,,,
16.11.2017,3.517,,,,,
15.11.2017,3.5292,,,,,
14.11.2017,3.536,,,,,
13.11.2017,3.5431,,,,,
10.11.2017,3.5485,,,,,
09.11.2017,3.5256,,,,,
08.11.2017,3.5108,,,,,
07.11.2017,3.5156,,,,,
06.11.2017,3.5064,,,,,
03.11.2017,3.5114,,,,,
02.11.2017,3.5083,,,,,
01.11.2017,3.512,,,,,
31.10.2017,3.5211,,,,,
30.10.2017,3.5244,,,,,
27.10.2017,3.5337,,,,,
26.10.2017,3.528,,,,,
25.10.2017,3.5084,,,,,
24.10.2017,3.5052,,,,,
23.10.2017,3.4935,,,,,
20.10.2017,3.4916,,,,,
19.10.2017,3.4871,,,,,
18.10.2017,3.5038,,,,,
17.10.2017,3.5116,,,,,
16.10.2017,3.4949,,,,,
13.10.2017,3.5021,,,,,
12.10.2017,3.4998,,,,,
11.10.2017,3.4888,,,,,
10.10.2017,3.4939,,,,,
09.10.2017,3.5111,,,,,
06.10.2017,3.5201,,,,,
05.10.2017,3.5242,,,,,
04.10.2017,3.5136,,,,,
03.10.2017,3.5303,,,,,
02.10.2017,3.5375,,,,,
29.09.2017,3.5349,,,,,
28.09.2017,3.5301,,,,,
27.09.2017,3.5424,,,,,
26.09.2017,3.5265,,,,,
25.09.2017,3.5188,,,,,
22.09.2017,3.4933,,,,,
21.09.2017,3.5074,,,,,
20.09.2017,3.5165,,,,,
19.09.2017,3.5121,,,,,
18.09.2017,3.5259,,,,,
15.09.2017,3.5221,,,,,
14.09.2017,3.5202,,,,,
13.09.2017,3.5425,,,,,
12.09.2017,3.5433,,,,,
11.09.2017,3.5224,,,,,
08.09.2017,3.5116,,,,,
07.09.2017,3.5214,,,,,
06.09.2017,3.5492,,,,,
05.09.2017,3.5711,,,,,
04.09.2017,3.5731,,,,,
01.09.2017,3.573,,,,,
31.08.2017,3.585,,,,,
30.08.2017,3.5926,,,,,
29.08.2017,3.5726,,,,,
28.08.2017,3.5817,,,,,
25.08.2017,3.5841,,,,,
24.08.2017,3.5951,,,,,
23.08.2017,3.6076,,,,,
22.08.2017,3.6187,,,,,
21.08.2017,3.6169,,,,,
18.08.2017,3.6188,,,,,
17.08.2017,3.6243,,,,,
16.08.2017,3.6192,,,,,
15.08.2017,3.6167,,,,,
14.08.2017,3.5835,,,,,
11.08.2017,3.586,,,,,
10.08.2017,3.5869,,,,,
09.08.2017,3.597,,,,,
08.08.2017,3.6081,,,,,
07.08.2017,3.6151,,,,,
04.08.2017,3.6338,,,,,
03.08.2017,3.5997,,,,,
02.08.2017,3.577,,,,,
01.08.2017,3.5621,,,,,
31.07.2017,3.5612,,,,,
28.07.2017,3.56,,,,,
27.07.2017,3.558,,,,,
26.07.2017,3.5591,,,,,
25.07.2017,3.5747,,,,,
24.07.2017,3.5659,,,,,
21.07.2017,3.573,,,,,
20.07.2017,3.5553,,,,,
19.07.2017,3.5682,,,,,
18.07.2017,3.5691,,,,,
17.07.2017,3.5777,,,,,
14.07.2017,3.5556,,,,,
13.07.2017,3.539,,,,,
12.07.2017,3.5393,,,,,
11.07.2017,3.5643,,,,,
10.07.2017,3.5476,,,,,
07.07.2017,3.5396,,,,,
06.07.2017,3.5282,,,,,
05.07.2017,3.5088,,,,,
04.07.2017,3.5154,,,,,
03.07.2017,3.505,,,,,
30.06.2017,3.4884,,,,,
29.06.2017,3.4898,,,,,
28.06.2017,3.5039,,,,,
27.06.2017,3.5185,,,,,
26.06.2017,3.5223,,,,,
23.06.2017,3.5395,,,,,
22.06.2017,3.547,,,,,
21.06.2017,3.5391,,,,,
20.06.2017,3.5417,,,,,
19.06.2017,3.528,,,,,
16.06.2017,3.5191,,,,,
15.06.2017,3.5288,,,,,
14.06.2017,3.5211,,,,,
13.06.2017,3.5279,,,,,
12.06.2017,3.5419,,,,,
09.06.2017,3.5314,,,,,
08.06.2017,3.5268,,,,,
07.06.2017,3.5392,,,,,
06.06.2017,3.5411,,,,,
05.06.2017,3.543,,,,,
02.06.2017,3.5466,,,,,
01.06.2017,3.5541,,,,,
31.05.2017,3.5392,,,,,
30.05.2017,3.5449,,,,,
29.05.2017,3.5631,,,,,
26.05.2017,3.58,,,,,
25.05.2017,3.5686,,,,,
24.05.2017,3.5828,,,,,
23.05.2017,3.5922,,,,,
22.05.2017,3.5851,,,,,
19.05.2017,3.5806,,,,,
18.05.2017,3.5941,,,,,
17.05.2017,3.6099,,,,,
16.05.2017,3.5988,,,,,
15.05.2017,3.6045,,,,,
12.05.2017,3.6,,,,,
11.05.2017,3.6091,,,,,
10.05.2017,3.6021,,,,,
09.05.2017,3.6066,,,,,
08.05.2017,3.6004,,,,,
05.05.2017,3.5892,,,,,
04.05.2017,3.6062,,,,,
03.05.2017,3.6193,,,,,
02.05.2017,3.6068,,,,,
01.05.2017,3.6136,,,,,
28.04.2017,3.623,,,,,
27.04.2017,3.6315,,,,,
26.04.2017,3.638,,,,,
25.04.2017,3.6394,,,,,
24.04.2017,3.65,,,,,
21.04.2017,3.6714,,,,,
20.04.2017,3.6718,,,,,
19.04.2017,3.672,,,,,
18.04.2017,3.6646,,,,,
17.04.2017,3.6584,,,,,
14.04.2017,3.6546,,,,,
13.04.2017,3.6625,,,,,
12.04.2017,3.6414,,,,,
11.04.2017,3.6566,,,,,
10.04.2017,3.6592,,,,,
07.04.2017,3.655,,,,,
06.04.2017,3.6458,,,,,
05.04.2017,3.647,,,,,
04.04.2017,3.6517,,,,,
03.04.2017,3.6342,,,,,
31.03.2017,3.6308,,,,,
30.03.2017,3.6313,,,,,
29.03.2017,3.6178,,,,,
28.03.2017,3.6143,,,,,
27.03.2017,3.6121,,,,,
24.03.2017,3.6343,,,,,
23.03.2017,3.6504,,,,,
22.03.2017,3.646,,,,,
21.03.2017,3.6338,,,,,
20.03.2017,3.6257,,,,,
17.03.2017,3.634,,,,,
16.03.2017,3.6282,,,,,
15.03.2017,3.6301,,,,,
14.03.2017,3.666,,,,,
13.03.2017,3.6665,,,,,
10.03.2017,3.6758,,,,,
09.03.2017,3.6841,,,,,
08.03.2017,3.6908,,,,,
07.03.2017,3.6772,,,,,
06.03.2017,3.6773,,,,,
03.03.2017,3.6966,,,,,
02.03.2017,3.6953,,,,,
01.03.2017,3.6615,,,,,
28.02.2017,3.645,,,,,
27.02.2017,3.6663,,,,,
24.02.2017,3.6908,,,,,
23.02.2017,3.6998,,,,,
22.02.2017,3.6965,,,,,
21.02.2017,3.7011,,,,,
20.02.2017,3.714,,,,,
17.02.2017,3.707,,,,,
16.02.2017,3.7175,,,,,
15.02.2017,3.735,,,,,
14.02.2017,3.7473,,,,,
13.02.2017,3.7503,,,,,
10.02.2017,3.7555,,,,,
09.02.2017,3.7452,,,,,
08.02.2017,3.7483,,,,,
07.02.2017,3.753,,,,,
06.02.2017,3.7398,,,,,
03.02.2017,3.7535,,,,,
02.02.2017,3.7615,,,,,
01.02.2017,3.775,,,,,
31.01.2017,3.769,,,,,
30.01.2017,3.7745,,,,,
27.01.2017,3.776,,,,,
26.01.2017,3.7913,,,,,
25.01.2017,3.7837,,,,,
24.01.2017,3.7905,,,,,
23.01.2017,3.791,,,,,
20.01.2017,3.8065,,,,,
19.01.2017,3.8162,,,,,
18.01.2017,3.8216,,,,,
17.01.2017,3.8099,,,,,
16.01.2017,3.8308,,,,,
13.01.2017,3.8189,,,,,
12.01.2017,3.8276,,,,,
11.01.2017,3.8351,,,,,
10.01.2017,3.8465,,,,,
09.01.2017,3.8434,,,,,
06.01.2017,3.8448,,,,,
05.01.2017,3.8479,,,,,
04.01.2017,3.8564,,,,,
03.01.2017,3.866,,,,,
02.01.2017,3.852,,,,,
